employee_id,dept_id,job_id,monthly_income,annual_income,years_at_company,total_working_years,overtime,job_satisfaction,environment_satisfaction,work_life_balance,stock_option_level,distance_from_home,years_since_last_promo,satisfaction_score,is_high_risk,below_dept_avg,income_zscore,attrition
1,1,1,5993,71916,6,8,1,4,2,1,0,1,0,2.0,0,1,-0.108,1
2,2,2,5130,61560,10,10,0,2,3,3,1,8,1,3.0,0,1,-0.292,0
4,2,3,2090,25080,0,7,1,3,4,3,0,2,0,3.0,0,1,-0.938,1
5,2,4,2909,34908,8,8,1,3,4,3,0,3,3,3.25,0,1,-0.764,0
7,2,3,3468,41616,2,6,0,2,1,3,1,2,2,2.5,0,1,-0.645,0
8,2,3,3068,36816,7,8,0,4,4,2,0,2,3,3.25,0,1,-0.73,0
10,2,3,2670,32040,1,12,1,1,3,2,3,3,0,1.75,1,1,-0.814,0
11,2,3,2693,32316,1,1,0,3,4,3,1,24,0,3.0,0,1,-0.81,0
12,2,5,9526,114312,9,10,0,3,4,3,0,23,1,3.0,0,0,0.642,0
13,2,6,5237,62844,7,17,0,3,3,2,2,27,7,2.5,0,1,-0.269,0
14,2,3,2426,29112,5,6,0,2,1,3,1,16,0,2.25,0,1,-0.866,0
15,2,7,4193,50316,9,10,1,3,4,3,0,15,0,3.5,0,1,-0.491,0
16,2,4,2911,34932,5,5,0,3,1,2,1,26,4,2.5,0,1,-0.763,0
18,2,3,2661,31932,2,3,0,4,2,3,1,19,1,3.0,0,1,-0.816,0
19,2,3,2028,24336,4,6,1,3,3,3,0,24,0,2.75,0,1,-0.951,1
20,2,5,9980,119760,10,10,0,1,2,3,1,21,8,2.25,0,0,0.739,0
21,2,4,3298,39576,6,7,1,2,1,2,2,5,0,2.25,1,1,-0.681,0
22,2,3,2935,35220,1,1,1,4,4,2,2,16,0,3.0,0,1,-0.758,0
23,1,8,15427,185124,25,31,0,4,1,3,0,2,3,2.75,0,0,1.896,0
24,2,4,3944,47328,3,6,1,4,4,3,0,2,1,3.5,0,1,-0.544,0
26,2,9,4011,48132,4,5,0,3,1,2,1,11,1,2.5,0,1,-0.529,0
27,1,10,3407,40884,5,10,0,1,3,3,0,9,0,2.25,0,1,-0.658,1
28,2,11,11994,143928,12,13,0,2,1,3,0,7,2,2.25,0,0,1.167,0
30,2,4,1232,14784,0,0,0,4,3,3,0,15,0,3.5,0,1,-1.12,0
31,2,4,2960,35520,4,8,0,1,2,3,0,6,1,2.25,0,1,-0.753,1
32,2,12,19094,229128,14,26,0,3,3,2,1,5,4,3.0,0,0,2.675,0
33,2,4,3919,47028,10,10,1,1,2,3,0,16,6,2.0,1,1,-0.549,1
35,1,1,6825,81900,9,10,0,2,3,3,1,8,4,3.0,0,1,0.068,0
36,2,13,10248,122976,22,24,0,4,1,3,1,7,5,3.0,0,0,0.796,0
38,1,12,18947,227364,2,22,0,1,2,2,0,2,2,2.25,0,0,2.644,0
39,2,3,2496,29952,1,7,0,4,3,3,0,2,0,3.5,0,1,-0.851,0
40,2,6,6465,77580,4,9,1,4,4,4,0,10,1,4.0,0,0,-0.008,0
41,2,3,2206,26472,10,10,0,3,4,3,0,9,1,2.75,0,1,-0.913,0
42,1,14,2086,25032,1,19,0,4,4,4,1,5,0,3.75,0,1,-0.939,1
45,2,4,2293,27516,2,6,1,4,2,2,1,1,2,2.25,0,1,-0.895,1
46,2,4,2645,31740,5,6,0,3,4,2,2,2,1,3.25,0,1,-0.82,0
47,1,10,2683,32196,3,3,1,3,1,3,0,3,0,2.5,0,1,-0.812,1
49,1,10,2014,24168,2,2,0,4,4,3,0,2,2,3.0,0,1,-0.954,0
51,2,4,3419,41028,1,6,1,1,2,4,1,5,0,2.75,1,1,-0.655,0
52,1,1,5376,64512,5,10,0,1,3,3,2,1,1,2.0,0,1,-0.239,0
53,2,3,1951,23412,1,1,0,4,3,3,1,4,0,3.25,0,1,-0.967,0
54,2,3,2341,28092,1,1,0,1,4,3,1,2,0,3.0,0,1,-0.884,0
55,2,3,2293,27516,1,1,0,3,1,2,0,25,0,2.25,0,1,-0.895,1
56,1,15,8726,104712,9,9,0,3,4,3,0,8,1,3.5,0,0,0.472,0
57,2,7,4011,48132,12,12,0,4,3,3,0,1,3,3.5,0,1,-0.529,0
58,2,16,19545,234540,22,23,0,3,2,3,0,12,15,3.0,0,0,2.771,1
60,1,1,4568,54816,9,10,0,3,2,3,0,23,8,2.75,0,1,-0.411,0
61,2,4,3022,36264,1,8,0,2,2,3,0,19,0,2.0,0,1,-0.74,0
62,1,1,5772,69264,9,14,1,4,1,3,0,5,0,2.75,0,1,-0.155,0
63,2,3,2269,27228,1,1,0,4,4,3,0,8,0,3.75,0,1,-0.9,0
64,2,17,5381,64572,1,23,1,3,1,3,0,1,0,2.75,0,1,-0.238,1
65,2,3,3441,41292,2,2,1,3,3,2,0,5,2,2.75,0,1,-0.651,1
68,1,1,5454,65448,4,9,1,1,2,2,1,1,1,2.0,1,1,-0.223,0
70,2,13,9884,118608,4,10,1,1,3,3,1,11,2,2.5,1,0,0.718,0
72,1,1,4157,49884,2,5,1,4,3,2,1,23,0,3.0,0,1,-0.498,0
73,2,11,13458,161496,15,15,1,4,1,3,0,1,8,2.75,0,0,1.478,0
74,1,15,9069,108828,9,9,0,1,2,2,1,18,1,2.25,0,0,0.545,0
75,2,3,4014,48168,2,4,1,1,3,3,1,23,2,2.5,1,1,-0.529,0
76,2,7,5915,70980,7,10,0,4,4,2,1,7,1,3.5,0,1,-0.125,0
77,2,9,5993,71916,7,7,0,3,1,4,1,1,0,2.75,0,1,-0.108,0
78,2,9,6162,73944,9,9,1,4,1,3,1,1,7,2.5,0,1,-0.072,0
79,2,7,2406,28872,10,10,0,4,4,3,0,29,9,3.75,0,1,-0.871,0
80,2,16,18740,224880,27,29,1,3,2,2,1,7,13,2.75,0,0,2.6,0
81,1,15,7637,91644,21,28,0,1,1,2,0,25,7,2.0,0,0,0.241,0
83,2,13,10096,121152,17,17,0,3,3,3,3,8,12,2.75,0,0,0.763,0
84,2,8,14756,177072,5,21,1,3,4,3,3,8,0,3.25,0,0,1.754,0
85,2,9,6499,77988,6,6,0,2,2,3,0,11,0,2.5,0,0,-0.001,0
86,2,18,9724,116688,1,25,0,1,2,3,1,7,0,2.25,0,0,0.684,0
88,2,4,2194,26328,3,5,0,1,2,2,1,1,1,2.25,0,1,-0.916,0
90,2,4,3388,40656,1,2,1,3,4,2,1,9,0,2.5,0,1,-0.662,1
91,1,1,5473,65676,4,20,0,3,1,2,0,1,1,2.5,0,1,-0.219,0
94,2,4,2703,32436,5,6,0,2,3,3,1,2,0,3.0,0,1,-0.807,0
95,2,4,2501,30012,1,1,0,2,3,3,0,1,1,2.5,0,1,-0.85,0
96,2,2,6220,74640,10,10,0,2,2,3,2,1,0,2.25,0,1,-0.06,0
97,2,3,3038,36456,1,5,0,4,2,3,0,6,0,2.75,0,1,-0.736,0
98,2,9,4424,53088,11,11,0,4,3,3,0,8,1,3.5,0,1,-0.442,0
100,1,1,4312,51744,15,16,0,1,3,3,0,1,2,2.25,0,1,-0.466,0
101,2,11,13245,158940,0,17,1,1,4,4,0,6,0,2.75,1,0,1.433,0
102,2,11,13664,163968,5,16,0,3,1,4,0,7,0,2.25,0,0,1.522,0
103,3,19,5021,60252,4,16,1,2,2,3,1,5,0,2.75,1,1,-0.315,0
104,2,7,5126,61512,10,10,1,4,4,2,2,1,3,3.25,0,1,-0.293,0
105,2,4,2859,34308,6,6,0,3,2,3,0,1,0,2.25,0,1,-0.774,0
106,1,15,10239,122868,1,24,0,4,1,3,1,1,1,3.0,0,0,0.794,0
107,2,2,5329,63948,13,17,1,4,2,3,3,6,1,3.25,0,1,-0.249,0
110,2,9,4325,51900,5,5,0,2,1,3,0,1,1,2.25,0,1,-0.463,0
112,2,5,7260,87120,6,37,0,4,4,2,0,7,0,2.75,0,0,0.161,0
113,1,10,2322,27864,0,3,0,1,3,3,1,2,0,2.5,0,1,-0.888,0
116,2,3,2075,24900,4,10,0,4,4,3,2,9,0,3.25,0,1,-0.941,0
117,2,6,4152,49824,11,11,0,4,3,3,3,2,10,2.75,0,1,-0.5,0
118,1,15,9619,115428,9,9,0,4,3,3,0,9,4,3.5,0,0,0.662,1
119,2,20,13503,162036,22,22,0,2,3,2,1,1,11,2.75,0,0,1.487,0
120,1,1,5441,65292,10,11,1,4,3,1,0,21,1,3.0,0,1,-0.226,0
121,1,1,5209,62508,11,11,1,2,3,2,3,4,2,2.25,1,1,-0.275,0
124,2,13,10673,128076,10,21,1,1,3,2,1,1,9,2.25,1,0,0.886,0
125,1,1,5010,60120,11,12,0,3,2,3,0,6,5,2.25,0,1,-0.317,0
126,2,11,13549,162588,4,16,0,3,1,1,1,2,0,1.5,0,0,1.497,0
128,1,1,4999,59988,3,4,0,3,1,2,1,3,0,1.75,0,1,-0.32,0
129,1,1,4221,50652,5,5,0,3,2,4,0,4,0,2.75,0,1,-0.485,0
131,1,21,13872,166464,37,38,0,3,4,2,0,10,1,3.0,0,0,1.566,0
132,2,7,2042,24504,3,17,0,2,2,4,1,23,1,2.75,0,1,-0.948,0
133,3,22,2073,24876,3,7,1,1,3,3,0,6,0,2.75,1,1,-0.941,1
134,2,4,2956,35472,1,1,0,1,4,3,0,1,0,3.0,0,1,-0.754,0
137,2,3,2926,35112,1,1,1,4,4,3,0,6,1,3.25,0,1,-0.76,1
138,2,2,4809,57708,16,16,0,3,1,3,0,6,2,2.5,0,1,-0.36,0
139,2,6,5163,61956,1,17,0,4,3,4,1,2,0,3.75,0,1,-0.285,0
140,3,12,18844,226128,3,30,0,4,3,3,1,2,2,3.5,0,0,2.622,0
141,2,16,18172,218064,8,28,1,2,1,2,0,1,0,1.5,1,0,2.479,0
142,1,1,5744,68928,6,6,1,3,3,3,0,5,0,3.25,0,1,-0.161,1
143,2,4,2889,34668,2,2,0,4,4,3,2,7,2,3.5,0,1,-0.768,0
144,2,3,2871,34452,0,1,0,4,2,3,0,15,0,3.0,0,1,-0.772,0
145,2,13,7484,89808,13,23,0,1,1,2,0,1,12,1.75,0,0,0.208,0
147,2,7,6074,72888,9,9,1,3,1,3,0,7,0,2.75,0,1,-0.091,1
148,3,8,17328,207936,5,23,1,4,4,3,0,26,4,3.5,0,0,2.3,0
150,2,3,2774,33288,5,6,0,3,2,3,1,18,1,2.75,0,1,-0.792,0
151,2,2,4505,54060,1,12,0,2,3,3,1,6,0,2.75,0,1,-0.425,0
152,1,15,7428,89136,5,12,0,4,3,3,0,3,1,2.75,0,0,0.197,0
153,2,23,11631,139572,11,14,0,1,3,3,0,5,5,2.75,0,0,1.09,0
154,1,15,9738,116856,9,10,0,4,2,3,1,11,2,3.0,0,0,0.687,0
155,2,3,2835,34020,1,7,0,4,1,3,1,3,0,2.25,0,1,-0.779,0
158,1,8,16959,203508,25,25,1,4,3,4,2,26,4,3.75,0,0,2.222,0
159,2,4,2613,31356,10,10,0,3,1,2,3,23,0,2.25,0,1,-0.827,0
160,1,1,6146,73752,7,8,0,2,3,4,1,22,0,2.5,0,1,-0.076,0
161,2,4,4963,59556,5,7,1,2,2,3,3,14,4,2.0,1,1,-0.327,1
162,2,16,19537,234444,20,23,0,3,1,3,0,6,15,2.5,0,0,2.769,0
163,1,1,6172,74064,7,12,1,3,2,2,0,6,7,2.25,0,1,-0.07,1
164,2,4,2368,28416,5,5,0,2,3,2,0,6,4,2.5,0,1,-0.879,0
165,2,13,10312,123744,40,40,0,4,4,2,1,23,15,3.5,0,0,0.809,1
167,1,10,1675,20100,0,0,1,3,4,2,0,22,0,3.25,0,1,-1.026,1
169,2,3,2523,30276,2,3,0,4,3,3,1,2,2,3.25,0,1,-0.846,0
170,2,9,6567,78804,15,16,0,1,3,2,0,20,5,2.25,0,0,0.014,0
171,2,4,4739,56868,3,18,0,3,2,3,0,28,1,3.0,0,1,-0.375,0
174,1,15,9208,110496,2,16,0,4,3,3,0,12,2,3.5,0,0,0.575,0
175,1,1,4559,54708,2,4,1,3,2,3,1,20,2,2.75,0,1,-0.413,1
176,1,15,8189,98268,9,12,1,3,3,3,1,9,0,3.0,0,0,0.358,0
177,3,22,2942,35304,8,8,0,3,3,3,1,25,5,3.25,0,1,-0.757,0
178,2,9,4941,59292,3,7,0,2,2,3,2,6,0,2.75,0,1,-0.332,0
179,2,5,10650,127800,4,18,0,4,1,3,0,8,0,3.0,0,0,0.881,1
182,1,1,5902,70824,15,17,0,3,4,4,1,4,5,3.5,0,1,-0.128,0
183,1,1,8639,103668,2,6,0,3,1,3,0,28,2,2.75,0,0,0.454,0
184,3,19,6347,76164,11,12,1,4,3,1,0,9,4,3.0,0,1,-0.033,0
190,2,3,4200,50400,5,10,0,1,1,4,0,9,0,1.75,0,1,-0.489,1
192,2,4,3452,41424,6,9,0,4,3,2,0,29,0,2.75,0,1,-0.648,0
193,2,2,4317,51804,3,19,1,3,4,3,0,3,2,3.0,0,1,-0.464,0
194,2,4,2632,31584,5,5,0,3,1,2,0,18,0,2.25,0,1,-0.822,0
195,1,1,4668,56016,8,9,0,4,4,4,3,9,0,4.0,0,1,-0.39,0
197,2,4,3204,38448,3,8,0,1,4,3,1,5,2,3.0,0,1,-0.701,0
198,2,3,2720,32640,5,6,0,4,2,3,0,2,1,3.25,0,1,-0.804,0
199,2,8,17181,206172,7,21,0,1,4,2,1,10,7,2.25,0,0,2.269,0
200,2,3,2238,26856,5,7,0,1,3,3,1,9,1,2.75,0,1,-0.906,0
201,2,3,1483,17796,1,1,0,2,2,3,0,3,0,2.75,0,1,-1.067,0
202,2,2,5605,67260,20,20,0,2,2,3,1,26,2,2.0,0,1,-0.191,0
204,1,15,7295,87540,10,10,0,2,3,3,2,1,0,2.25,0,0,0.168,0
205,1,14,2306,27672,7,13,1,3,2,1,1,6,4,2.5,0,1,-0.892,0
206,2,7,2348,28176,17,20,0,2,2,1,1,9,0,2.0,0,1,-0.883,0
207,1,15,8998,107976,9,9,0,4,2,3,0,8,3,3.25,0,0,0.53,0
208,2,9,4319,51828,10,10,0,3,4,3,1,1,0,2.75,0,1,-0.464,0
211,2,9,6132,73584,1,10,0,3,2,3,0,7,0,2.75,0,1,-0.079,0
214,2,4,3346,40152,1,9,1,2,2,2,1,9,0,2.0,1,1,-0.671,0
215,1,15,10855,130260,12,15,0,4,3,2,1,4,2,2.5,0,0,0.925,0
216,1,10,2231,26772,4,6,0,3,3,3,1,2,1,3.25,0,1,-0.908,0
217,2,4,2323,27876,2,2,0,4,3,3,2,19,2,2.75,0,1,-0.888,0
218,2,4,2024,24288,2,6,0,2,4,1,1,9,2,2.75,0,1,-0.952,0
221,2,4,2713,32556,5,5,0,4,3,1,1,21,0,2.75,0,1,-0.805,0
223,2,13,9439,113268,5,12,1,4,3,1,1,24,1,2.5,0,0,0.624,0
224,2,4,2566,30792,1,1,1,3,3,2,1,3,0,3.0,0,1,-0.837,0
226,2,12,19926,239112,5,21,0,2,3,3,0,11,4,2.5,0,0,2.852,0
227,2,4,2451,29412,9,13,0,3,1,3,1,14,1,2.0,0,1,-0.861,0
228,1,15,9419,113028,10,12,0,4,2,3,1,5,7,3.0,0,0,0.62,0
230,1,1,8686,104232,8,12,0,4,1,4,0,1,0,3.0,0,0,0.464,0
231,2,4,3038,36456,5,8,0,3,3,3,0,6,1,2.5,0,1,-0.736,0
233,2,4,3058,36696,5,6,1,2,3,2,1,17,1,2.75,1,1,-0.732,0
235,1,10,2325,27900,0,1,0,1,3,4,0,1,0,2.25,0,1,-0.888,1
238,2,3,2088,25056,8,13,0,2,4,2,0,3,7,2.75,0,1,-0.938,0
239,2,7,3072,36864,12,12,0,1,3,3,2,9,6,2.5,0,1,-0.729,0
240,1,1,5006,60072,5,9,1,1,3,4,1,4,0,2.25,1,1,-0.318,0
241,2,4,4257,51084,2,19,1,1,3,3,1,8,2,2.5,1,1,-0.477,0
242,2,4,2500,30000,3,4,0,4,3,4,0,2,0,3.0,0,1,-0.851,0
243,2,3,1102,13224,1,1,0,4,2,2,0,2,1,2.75,0,1,-1.148,1
244,1,15,10453,125436,24,24,0,1,2,3,3,1,15,2.25,0,0,0.839,0
245,2,3,2288,27456,2,2,0,4,3,3,0,9,2,3.25,0,1,-0.896,0
246,2,4,3929,47148,4,7,1,4,3,3,1,12,0,3.25,0,1,-0.547,0
247,2,4,2311,27732,3,9,0,2,4,3,0,27,1,3.25,0,1,-0.891,0
248,1,10,3140,37680,4,4,1,2,2,2,0,20,0,2.5,1,1,-0.715,1
249,2,3,3690,44280,3,5,0,3,3,2,1,1,0,3.0,0,1,-0.598,0
250,2,9,4450,53400,4,5,0,1,4,3,2,13,1,2.75,0,1,-0.436,0
252,2,4,2756,33072,8,8,0,2,4,3,1,14,1,3.25,0,1,-0.796,0
253,2,12,19033,228396,20,21,0,3,4,3,1,4,9,3.0,0,0,2.662,0
254,2,16,18722,224664,24,36,0,2,3,3,0,14,2,3.0,0,0,2.596,0
256,2,9,9547,114564,10,10,0,3,4,2,0,2,1,3.0,0,0,0.647,0
258,2,20,13734,164808,7,21,0,2,4,3,0,3,1,3.0,0,0,1.536,0
259,2,12,19999,239988,33,34,0,3,3,3,1,1,11,2.5,0,0,2.868,0
260,2,4,2279,27348,7,7,0,2,4,2,0,9,0,3.0,0,1,-0.897,0
261,2,9,5916,70992,1,8,1,3,2,3,0,23,0,2.25,0,1,-0.125,1
262,2,4,2089,25068,5,7,0,4,4,4,3,7,2,4.0,0,1,-0.938,0
264,2,8,16792,201504,20,22,0,4,1,3,1,2,11,3.0,0,0,2.186,0
267,2,4,3564,42768,8,8,1,1,2,2,1,21,1,1.5,1,1,-0.624,0
269,2,7,4425,53100,6,10,0,2,2,3,0,2,1,2.75,0,1,-0.442,0
270,2,9,5265,63180,5,11,0,3,3,3,1,21,0,2.75,0,1,-0.263,0
271,2,9,6553,78636,1,14,0,3,4,3,0,2,0,3.0,0,0,0.011,0
273,2,9,6261,75132,7,9,0,4,4,1,1,29,1,2.5,0,1,-0.051,0
274,2,9,4298,51576,2,6,0,1,3,3,1,1,2,2.5,0,1,-0.469,0
275,2,9,6804,81648,7,7,1,4,4,3,2,18,1,3.0,0,0,0.064,0
277,2,4,3815,45780,5,5,1,3,4,4,1,10,2,3.75,0,1,-0.571,0
281,2,7,2741,32892,7,15,1,4,3,4,1,19,3,3.5,0,1,-0.799,0
282,2,6,6673,80076,1,17,1,1,2,3,0,29,0,2.0,1,0,0.036,1
283,1,15,7639,91668,10,10,0,4,2,2,3,27,1,3.0,0,0,0.241,1
284,2,4,2328,27936,4,4,1,2,4,2,1,5,2,2.25,1,1,-0.887,0
286,2,3,2153,25836,8,8,0,4,2,3,0,18,1,2.5,0,1,-0.924,0
287,2,6,4876,58512,3,5,0,4,4,1,1,9,0,3.25,0,1,-0.346,0
288,2,13,9396,112752,4,17,0,1,4,3,1,1,0,2.75,0,0,0.615,0
291,1,15,10400,124800,14,14,0,4,4,2,0,4,9,3.25,0,0,0.828,1
292,2,5,8474,101688,11,12,0,3,3,3,0,1,5,3.0,0,0,0.419,0
293,1,1,9981,119772,7,7,0,3,4,3,0,20,0,3.5,0,0,0.739,0
296,2,11,12490,149880,10,16,0,2,2,1,2,8,4,2.25,0,0,1.272,0
297,2,4,2657,31884,5,8,1,1,4,3,0,3,0,2.75,1,1,-0.817,1
298,1,23,13591,163092,1,16,1,4,4,3,0,6,0,3.5,0,0,1.506,0
299,1,1,6696,80352,6,9,0,1,3,2,0,26,0,2.25,0,1,0.041,1
300,2,4,2058,24696,6,7,0,3,3,2,0,1,1,3.0,0,1,-0.944,1
302,1,15,8865,106380,19,23,0,4,4,3,0,6,12,3.75,0,0,0.502,0
303,1,1,5940,71280,6,16,0,1,4,3,1,3,0,3.0,0,1,-0.12,0
304,2,7,5914,70968,13,16,0,2,4,4,0,5,3,3.5,0,1,-0.125,0
305,2,4,2622,31464,3,7,0,2,3,3,0,4,1,3.0,0,1,-0.825,0
306,2,11,12185,146220,10,10,1,4,2,3,3,11,0,3.0,0,0,1.207,0
307,1,15,10609,127308,16,17,0,3,1,2,2,3,5,2.25,0,0,0.872,0
308,2,9,4345,52140,5,6,0,3,3,3,1,1,1,3.25,0,1,-0.459,0
309,2,4,2177,26124,1,7,0,4,3,3,1,3,0,2.75,0,1,-0.919,0
311,1,10,2793,33516,9,13,0,4,1,3,1,4,5,2.75,0,1,-0.788,0
312,1,15,7918,95016,11,11,0,4,2,3,1,1,4,3.25,0,0,0.301,0
314,1,15,8789,105468,10,10,0,3,3,4,0,1,0,2.75,0,0,0.486,0
315,2,4,2389,28668,4,4,1,4,3,2,0,18,0,3.0,0,1,-0.874,1
316,2,3,3212,38544,2,6,0,4,3,2,0,2,2,2.75,0,1,-0.699,0
319,2,12,19232,230784,22,22,0,4,3,3,0,4,11,3.5,0,0,2.705,0
321,3,22,2267,27204,2,7,0,3,2,2,0,6,2,2.75,0,1,-0.9,0
323,1,12,19517,234204,7,32,0,4,4,2,1,1,0,3.25,0,0,2.765,0
325,2,3,2436,29232,5,8,1,4,3,1,1,14,0,2.75,0,1,-0.864,1
327,1,8,16064,192768,17,22,1,4,4,3,1,16,1,3.5,0,0,2.032,0
328,2,3,2707,32484,9,13,0,1,1,4,0,2,1,1.75,0,1,-0.807,1
329,1,12,19068,228816,33,33,1,3,1,4,0,2,15,3.0,0,0,2.67,0
330,1,10,3931,47172,4,6,0,2,3,3,1,4,1,2.25,0,1,-0.546,0
331,2,3,3730,44760,3,4,1,3,4,1,0,1,1,3.0,0,1,-0.589,1
332,2,3,2232,26784,3,7,0,3,3,3,3,1,1,3.0,0,1,-0.907,0
333,1,1,4465,53580,3,4,0,4,3,3,0,26,2,2.75,0,1,-0.433,0
334,2,2,3072,36864,1,17,0,1,3,2,2,19,0,1.75,0,1,-0.729,0
335,2,2,3319,39828,9,9,0,4,1,3,2,24,4,2.25,0,1,-0.677,0
336,2,12,19202,230424,24,25,0,4,3,3,1,1,1,3.25,0,0,2.698,0
337,2,11,13675,164100,2,9,0,3,2,3,1,3,2,2.25,0,0,1.524,0
338,2,4,2911,34932,2,2,0,4,3,2,1,5,0,3.0,0,1,-0.763,0
339,2,9,5957,71484,11,13,0,1,4,3,1,2,5,2.5,0,1,-0.116,0
340,2,4,3920,47040,3,17,0,1,3,2,1,1,0,1.75,0,1,-0.549,0
341,2,9,6434,77208,3,9,0,3,1,3,1,7,0,2.75,0,0,-0.015,0
342,2,5,10048,120576,1,17,0,3,1,3,2,10,0,2.25,0,0,0.753,1
343,2,13,10938,131256,19,20,0,3,3,3,0,2,11,3.25,0,0,0.942,0
346,2,4,2340,28080,6,6,0,4,3,3,0,15,1,2.75,0,1,-0.885,0
347,2,2,6545,78540,3,10,1,1,4,3,0,17,0,2.75,1,0,0.009,0
349,1,1,6931,83172,3,10,0,4,4,3,1,20,0,3.75,0,1,0.091,0
350,2,9,4898,58776,4,5,0,3,1,3,2,1,1,2.75,0,1,-0.341,0
351,2,3,2593,31116,9,10,1,1,4,3,1,2,7,2.75,1,1,-0.831,0
352,2,16,19436,233232,21,22,0,3,1,3,1,2,3,2.75,0,0,2.748,0
353,2,4,2723,32676,1,1,0,4,3,2,0,1,0,2.75,0,1,-0.803,0
355,2,3,3479,41748,5,6,0,2,3,4,0,29,1,2.75,0,1,-0.643,1
359,2,3,2794,33528,5,5,0,2,2,1,0,7,0,2.0,0,1,-0.788,0
361,1,1,5249,62988,8,13,0,4,4,3,1,2,7,3.75,0,1,-0.266,0
362,2,7,2176,26112,6,9,0,1,4,3,0,2,0,3.0,0,1,-0.919,0
363,1,8,16872,202464,7,28,1,2,3,2,1,2,7,2.25,1,0,2.203,0
364,2,3,3485,41820,0,5,0,3,1,1,0,2,0,2.0,0,1,-0.641,1
366,1,1,6644,79728,0,10,0,2,1,3,2,2,0,2.0,0,1,0.03,0
367,2,6,5582,66984,9,10,0,4,2,3,1,23,7,2.75,0,1,-0.196,0
369,2,6,4000,48000,6,6,0,1,2,3,2,5,1,2.5,0,1,-0.532,0
372,2,20,13496,161952,20,21,1,4,3,3,0,20,4,3.0,0,0,1.486,0
373,2,3,3210,38520,15,16,0,4,4,3,1,6,10,3.5,0,1,-0.7,0
374,2,12,19045,228540,36,37,1,1,4,3,0,1,4,2.75,1,0,2.665,0
376,2,23,11849,142188,10,10,1,2,1,2,1,29,9,2.25,1,0,1.136,1
377,2,4,2070,24840,5,5,0,4,4,2,1,9,0,3.5,0,1,-0.942,0
378,1,1,6502,78024,5,7,0,4,3,4,1,6,0,3.25,0,1,0.0,0
379,2,4,3230,38760,3,3,0,3,4,4,0,3,1,3.0,0,1,-0.695,0
380,2,11,13603,163236,5,15,1,4,1,3,2,1,0,2.25,0,0,1.509,0
381,2,23,11996,143952,7,10,0,2,2,2,1,22,6,2.0,0,0,1.167,0
382,1,1,5605,67260,8,8,1,1,1,3,1,7,7,2.0,1,1,-0.191,0
384,2,9,6397,76764,6,6,0,2,3,1,1,1,1,1.75,0,0,-0.023,0
385,2,16,19144,229728,10,28,0,2,1,2,2,4,1,1.5,0,0,2.686,0
386,2,24,17584,211008,5,21,1,3,3,2,3,3,1,3.0,0,0,2.354,0
387,1,1,4907,58884,20,20,0,3,2,3,0,1,11,2.75,0,1,-0.339,0
388,1,1,4554,54648,10,10,0,4,2,2,0,2,0,2.25,0,1,-0.414,0
389,2,7,5415,64980,10,12,1,4,2,3,1,20,0,3.25,0,1,-0.231,0
390,2,6,4741,56892,5,5,1,1,1,3,1,11,3,2.0,1,1,-0.374,0
391,2,4,2115,25380,17,17,0,4,4,3,0,1,5,3.25,0,1,-0.932,0
392,2,3,3161,37932,1,19,1,3,4,1,1,24,0,3.0,0,1,-0.71,1
393,2,6,5745,68940,2,10,0,4,4,3,1,23,1,3.25,0,1,-0.161,0
394,2,3,2373,28476,3,5,1,2,1,3,1,16,0,2.5,1,1,-0.878,1
395,2,4,3310,39720,5,5,0,4,4,3,0,8,0,3.75,0,1,-0.678,0
396,2,16,18665,223980,3,22,1,1,3,3,0,10,1,2.75,1,0,2.584,0
397,2,2,4485,53820,8,10,0,2,3,3,0,3,7,3.0,0,1,-0.429,0
399,1,10,2789,33468,2,2,0,2,4,2,1,5,2,2.75,0,1,-0.789,0
401,1,1,5828,69936,8,8,1,4,4,3,0,4,7,3.25,0,1,-0.143,1
403,2,4,2326,27912,4,4,1,4,2,2,3,9,1,2.75,0,1,-0.888,0
404,1,21,13525,162300,20,23,0,2,3,4,1,26,4,3.25,0,0,1.492,0
405,2,3,1420,17040,0,0,0,3,3,3,0,3,0,3.0,0,1,-1.08,1
406,1,15,8020,96240,11,12,0,2,3,2,2,16,6,2.5,0,0,0.322,0
407,2,3,3688,44256,1,4,0,4,3,3,2,18,0,3.5,0,1,-0.598,0
408,2,9,5482,65784,4,13,0,2,4,3,1,2,1,3.25,0,1,-0.217,0
410,1,8,16015,192180,22,22,0,2,4,3,0,2,0,2.75,0,0,2.021,0
411,1,10,1200,14400,0,0,0,3,4,3,0,10,0,2.75,0,1,-1.127,0
412,2,6,5661,67932,8,9,0,1,2,3,0,16,0,2.25,0,1,-0.179,0
416,1,1,6929,83148,8,10,0,4,2,2,1,7,7,2.5,0,1,0.091,0
417,2,13,9613,115356,18,19,0,4,3,2,3,1,3,2.5,0,0,0.661,0
419,2,7,5674,68088,9,11,0,2,2,3,1,24,0,2.5,0,1,-0.176,0
420,1,1,5484,65808,13,13,0,3,4,2,1,7,4,3.0,0,1,-0.217,0
421,2,11,12061,144732,10,19,0,2,1,3,1,25,0,2.25,0,0,1.181,0
422,2,6,5660,67920,5,12,1,3,4,3,1,1,1,3.5,0,1,-0.179,0
423,2,4,4821,57852,5,6,1,4,3,3,1,5,0,3.25,0,1,-0.357,0
424,3,19,6410,76920,2,9,0,1,1,3,0,2,1,2.25,0,1,-0.02,0
425,2,17,5210,62520,24,24,0,1,1,3,1,7,9,1.5,0,1,-0.275,0
426,2,4,2695,32340,2,3,1,4,3,1,1,2,2,2.5,0,1,-0.809,0
428,2,23,11878,142536,10,12,0,2,4,3,2,5,8,2.75,0,0,1.142,0
429,2,8,17068,204816,21,21,1,1,3,3,0,10,11,2.75,1,0,2.245,0
430,2,3,2455,29460,8,9,0,4,3,3,0,10,1,2.75,0,1,-0.86,0
431,2,20,13964,167568,7,25,1,3,3,3,0,1,0,3.25,0,0,1.585,0
433,2,2,4941,59292,8,11,0,2,3,2,0,8,7,2.0,0,1,-0.332,1
434,2,4,2478,29736,4,4,1,2,3,2,0,5,1,2.25,1,1,-0.855,0
436,1,1,5228,62736,13,13,1,2,3,3,0,8,11,3.0,1,1,-0.271,0
437,1,1,4478,53736,5,5,1,3,4,3,0,2,0,2.75,0,1,-0.43,0
438,1,1,7547,90564,7,13,0,4,4,3,3,7,1,3.75,0,0,0.222,0
439,2,2,5055,60660,7,10,0,4,1,2,0,2,0,2.5,0,1,-0.308,0
440,2,4,3464,41568,3,5,1,4,1,2,0,2,2,2.75,0,1,-0.646,1
441,2,2,5775,69300,10,11,0,4,4,3,2,28,1,3.75,0,1,-0.155,0
442,2,5,8943,107316,10,10,0,3,3,3,1,7,8,2.5,0,0,0.518,0
444,2,12,19272,231264,21,21,0,4,3,3,1,7,13,2.75,0,0,2.713,0
445,1,1,5238,62856,1,12,1,3,4,2,0,3,0,2.5,0,1,-0.269,1
446,1,1,4682,56184,7,9,0,4,2,2,0,10,0,2.75,0,1,-0.387,0
447,2,16,18300,219600,3,21,0,3,4,3,1,5,1,3.0,0,0,2.507,0
448,2,7,5257,63084,9,9,0,3,3,4,1,10,0,3.0,0,1,-0.265,0
449,1,1,6349,76188,5,6,1,2,3,3,1,1,1,3.0,1,1,-0.033,0
450,2,2,4869,58428,4,20,0,3,4,2,0,20,0,3.25,0,1,-0.347,0
451,2,13,9985,119820,1,10,0,1,3,2,1,7,0,1.75,0,0,0.74,0
452,2,2,3697,44364,10,12,0,4,4,3,2,8,9,3.0,0,1,-0.596,0
453,1,1,7457,89484,4,6,1,4,2,2,3,1,0,2.75,0,0,0.203,0
454,2,3,2119,25428,7,7,1,1,2,2,0,8,0,2.25,1,1,-0.931,1
455,2,3,3983,47796,3,4,0,4,2,3,0,9,2,3.0,0,1,-0.535,0
456,1,1,6118,73416,10,10,0,3,4,3,3,5,1,3.25,0,1,-0.082,0
458,1,1,6214,74568,8,8,0,2,2,3,1,8,0,2.0,0,1,-0.061,0
460,2,9,6347,76164,6,8,0,4,4,2,2,5,0,3.25,0,0,-0.033,0
461,2,11,11510,138120,11,12,1,4,3,3,1,15,2,3.0,0,0,1.064,0
462,2,5,7143,85716,11,11,1,4,3,2,0,7,4,3.0,0,0,0.136,0
463,1,1,8268,99216,7,7,1,2,4,3,2,10,1,2.5,1,0,0.375,0
464,2,5,8095,97140,16,17,0,2,3,3,0,5,0,3.0,0,0,0.338,0
465,2,4,2904,34848,4,4,0,4,3,2,2,26,0,3.0,0,1,-0.765,0
466,2,9,6032,72384,5,8,1,2,4,3,0,6,1,3.25,1,1,-0.1,0
467,1,14,2976,35712,0,5,0,3,2,3,0,4,0,2.25,0,1,-0.749,0
468,2,24,15992,191904,1,16,0,4,1,3,0,23,0,2.5,0,0,2.016,0
469,1,1,4649,55788,4,4,0,3,4,2,1,2,0,2.5,0,1,-0.394,0
470,3,22,2696,32352,3,4,1,3,3,3,1,2,1,3.0,0,1,-0.809,0
471,2,3,2370,28440,8,8,0,2,3,3,1,2,0,2.75,0,1,-0.878,0
473,1,23,12504,150048,0,15,0,3,1,1,1,29,0,1.75,0,0,1.275,0
474,2,2,5974,71688,7,13,1,1,3,3,2,6,6,2.0,1,1,-0.112,0
475,1,1,4736,56832,2,4,1,3,4,4,1,25,2,3.25,0,1,-0.375,0
476,1,1,5296,63552,8,8,0,3,3,3,1,1,7,2.75,0,1,-0.256,0
477,2,6,6781,81372,1,14,0,4,1,3,0,2,0,2.5,0,0,0.059,0
478,1,10,2174,26088,3,3,1,2,1,3,0,1,1,2.25,1,1,-0.92,1
479,1,1,6653,79836,1,7,0,4,4,3,0,1,0,3.25,0,1,0.032,0
481,1,15,9699,116388,13,16,0,4,1,3,1,3,1,2.25,0,0,0.679,0
482,2,6,6755,81060,3,15,0,3,4,3,0,1,1,3.25,0,0,0.054,0
483,2,3,2213,26556,7,10,1,3,4,3,1,10,1,3.25,0,1,-0.912,0
484,1,10,2610,31320,3,3,0,4,1,2,0,9,2,2.5,0,1,-0.827,0
485,1,10,2851,34212,1,1,1,3,4,3,0,5,0,3.0,0,1,-0.776,1
486,2,3,3452,41424,5,17,0,1,3,3,1,10,0,2.25,0,1,-0.648,0
487,2,9,5258,63096,1,7,0,3,3,4,0,7,0,3.25,0,1,-0.265,0
488,1,1,9355,112260,8,8,0,2,1,3,0,4,7,2.25,0,0,0.606,1
491,2,13,10496,125952,4,20,0,4,4,3,0,10,1,3.75,0,0,0.848,0
492,1,1,6380,76560,6,8,1,3,3,3,2,22,1,2.5,0,1,-0.026,1
493,2,4,2657,31884,2,3,1,2,3,3,0,9,2,3.0,1,1,-0.817,0
494,1,10,2716,32592,1,1,0,2,3,3,0,12,0,3.0,0,1,-0.805,1
495,2,4,2201,26412,3,6,0,4,4,3,0,23,1,3.75,0,1,-0.914,0
496,2,6,6540,78480,1,10,0,2,3,3,0,9,0,2.75,0,0,0.008,0
497,2,3,3816,45792,5,5,0,2,4,3,1,1,0,2.75,0,1,-0.571,0
498,1,1,5253,63036,7,7,0,4,2,3,0,9,0,3.25,0,1,-0.266,0
499,2,13,10965,131580,5,26,0,3,2,3,0,7,0,2.75,0,0,0.948,0
500,1,1,4936,59232,7,18,0,4,3,2,1,14,0,3.0,0,1,-0.333,0
501,2,4,2543,30516,2,6,0,3,4,3,1,2,2,3.0,0,1,-0.841,0
502,1,1,5304,63648,5,9,1,4,1,2,0,19,0,2.25,0,1,-0.255,1
505,2,8,16659,199908,5,30,1,4,3,3,0,2,1,3.25,0,0,2.158,0
507,1,1,4260,51120,5,5,1,3,4,4,1,10,0,3.75,0,1,-0.477,0
508,1,10,2476,29712,1,1,0,2,3,3,1,2,0,2.25,0,1,-0.856,0
510,2,4,3102,37224,6,7,0,1,3,3,0,3,0,2.5,0,1,-0.723,1
511,2,4,2244,26928,2,2,0,2,1,3,1,11,1,2.5,0,1,-0.905,0
513,1,15,7596,91152,10,10,0,3,2,3,2,2,9,2.5,0,0,0.232,0
514,2,4,2285,27420,1,3,1,4,3,3,0,4,0,3.25,0,1,-0.896,1
515,2,3,3034,36408,18,18,0,1,4,2,1,14,12,2.5,0,1,-0.737,0
516,1,1,5715,68580,5,8,0,2,4,3,2,2,1,3.0,0,1,-0.167,0
517,2,3,2576,30912,5,8,0,1,2,3,1,1,1,2.0,0,1,-0.834,0
518,2,9,4197,50364,1,18,1,2,3,2,0,10,0,2.75,1,1,-0.49,0
520,2,24,14336,172032,25,25,0,2,1,3,1,12,3,2.25,0,0,1.664,0
521,2,7,3448,41376,1,20,0,3,2,3,1,2,0,2.5,0,1,-0.649,0
522,2,16,19406,232872,4,24,0,1,1,2,1,5,1,1.75,0,0,2.742,0
523,1,1,6538,78456,3,6,0,3,3,3,1,4,1,2.5,0,1,0.007,0
524,2,9,4306,51672,13,13,0,1,2,1,1,7,3,1.5,0,1,-0.467,0
525,2,3,2258,27096,3,8,0,4,4,3,1,21,1,3.0,0,1,-0.902,0
526,2,6,4522,54264,5,8,1,3,3,3,0,8,0,3.25,0,1,-0.421,0
527,1,1,4487,53844,5,5,1,4,2,3,0,4,1,2.75,0,1,-0.428,0
529,2,2,4449,53388,13,15,1,3,2,3,2,25,10,2.25,0,1,-0.436,0
530,2,3,2218,26616,4,4,0,1,4,3,1,1,3,2.75,0,1,-0.91,0
531,2,12,19197,230364,21,21,1,3,2,3,1,1,1,2.75,0,0,2.697,0
532,1,21,13212,158544,7,36,0,1,3,2,3,6,7,2.5,0,0,1.426,0
533,1,1,6577,78924,5,6,0,3,2,3,0,12,4,2.5,0,1,0.016,0
534,1,15,8392,100704,10,10,0,1,2,3,1,1,0,2.25,0,0,0.401,0
536,2,7,4558,54696,10,10,0,1,3,3,1,17,1,2.75,0,1,-0.413,0
538,2,3,4031,48372,2,6,0,1,1,3,1,3,0,2.0,0,1,-0.525,1
543,2,5,7969,95628,5,28,1,3,4,3,0,3,0,3.25,0,0,0.312,0
544,2,4,2654,31848,2,8,0,4,1,2,2,10,0,2.75,0,1,-0.818,0
546,2,8,16555,198660,5,31,0,4,4,1,0,4,1,3.25,0,0,2.136,0
547,2,2,4556,54672,5,19,0,3,1,3,1,29,0,2.25,0,1,-0.414,0
548,2,9,6091,73092,5,11,0,4,3,3,0,2,0,3.25,0,1,-0.088,0
549,2,12,19566,234792,29,33,0,1,1,1,0,7,11,1.75,0,0,2.776,0
550,2,9,4810,57720,10,19,0,3,3,2,1,18,0,2.75,0,1,-0.36,0
551,2,6,4523,54276,6,7,0,4,4,4,3,28,0,4.0,0,1,-0.421,0
554,1,10,3202,38424,5,6,1,2,1,3,0,1,1,2.0,1,1,-0.701,1
555,1,10,2351,28212,2,3,0,3,4,2,1,6,1,3.25,0,1,-0.882,1
556,2,3,1702,20424,1,1,1,4,4,3,1,2,0,3.5,0,1,-1.02,0
558,1,12,18041,216492,20,21,0,3,3,3,0,2,1,3.25,0,0,2.452,0
560,2,4,2886,34632,3,3,0,4,1,1,2,23,0,2.0,0,1,-0.769,0
562,2,3,2097,25164,5,9,0,4,3,1,1,3,1,2.75,0,1,-0.936,0
564,2,11,11935,143220,10,10,0,3,2,3,0,3,0,2.75,0,0,1.154,0
565,2,4,2546,30552,2,6,0,2,3,4,0,25,1,2.75,0,1,-0.841,1
566,3,22,2564,30768,1,1,0,4,1,4,0,2,0,3.0,0,1,-0.837,1
567,1,15,8412,100944,9,10,0,1,3,3,0,22,7,2.5,0,0,0.406,0
568,1,8,14118,169416,1,32,0,4,1,2,1,29,0,2.5,0,0,1.618,0
569,2,8,17046,204552,27,28,0,3,2,3,1,29,15,2.5,0,0,2.24,0
571,2,3,2564,30768,11,12,0,4,3,2,0,2,6,3.0,0,1,-0.837,0
573,1,15,10266,123192,18,22,0,1,3,4,0,28,13,3.0,0,0,0.8,0
574,2,9,5070,60840,5,20,0,4,1,3,3,2,0,2.75,0,1,-0.304,0
575,2,24,17861,214332,3,26,0,3,1,1,0,2,0,2.0,0,0,2.413,0
577,2,3,4230,50760,5,6,0,3,4,3,0,22,4,3.25,0,1,-0.483,0
578,2,7,3780,45360,1,19,0,3,3,3,0,8,0,3.0,0,1,-0.579,0
579,2,4,2768,33216,7,14,0,3,4,3,1,2,5,3.25,0,1,-0.794,0
580,1,15,9071,108852,3,15,1,4,3,3,1,10,1,3.25,0,0,0.546,0
581,2,5,10648,127776,13,13,0,2,3,4,1,9,0,3.25,0,0,0.881,0
582,2,23,13610,163320,7,15,1,3,2,4,0,15,7,3.25,0,0,1.51,1
584,2,3,3408,40896,4,8,0,4,1,3,3,10,1,2.25,0,1,-0.658,1
585,1,10,2983,35796,3,4,0,2,4,3,0,7,1,2.5,0,1,-0.748,0
586,2,13,7632,91584,8,10,1,3,4,3,0,16,0,3.25,0,0,0.24,0
587,2,13,9824,117888,1,12,0,3,1,3,0,20,0,2.0,0,0,0.706,1
590,3,25,9950,119400,3,11,1,1,2,3,3,23,0,2.25,1,0,0.732,1
591,2,3,2093,25116,2,8,0,3,2,3,1,5,2,3.0,0,1,-0.937,0
592,1,15,9980,119760,10,10,0,4,2,2,0,10,9,3.0,0,0,0.739,0
593,2,3,3894,46728,2,4,0,3,3,3,0,4,1,3.0,0,1,-0.554,1
595,1,1,4051,48612,9,14,0,4,2,3,1,2,6,2.5,0,1,-0.521,0
597,1,8,16835,202020,10,37,0,2,1,3,0,18,7,2.5,0,0,2.195,0
599,1,1,6230,74760,14,16,0,4,4,3,0,10,1,3.75,0,1,-0.058,0
600,1,1,4717,56604,11,15,0,3,2,3,0,1,6,2.75,0,1,-0.379,0
601,2,26,13237,158844,20,22,0,3,2,3,0,6,5,2.75,0,0,1.431,0
602,2,3,3755,45060,8,8,0,3,3,3,1,8,0,2.5,0,1,-0.584,0
604,1,1,6582,78984,6,10,1,4,2,4,0,2,0,3.25,0,1,0.017,0
605,2,5,7406,88872,10,10,1,1,4,2,1,24,5,2.75,1,0,0.192,0
606,1,1,4805,57660,8,9,0,2,4,4,1,2,3,3.0,0,1,-0.361,0
608,3,22,2741,32892,7,8,1,3,2,2,1,17,1,2.25,0,1,-0.799,1
611,2,9,4262,51144,3,8,0,4,4,4,2,19,1,3.5,0,1,-0.476,0
612,2,24,16184,194208,6,10,0,3,1,3,1,1,0,2.5,0,0,2.057,0
613,1,23,11557,138684,5,10,0,4,3,2,1,7,0,3.0,0,0,1.074,0
614,1,10,1878,22536,0,0,1,2,2,3,0,5,0,2.75,1,1,-0.983,1
615,1,15,10932,131184,1,20,0,1,3,3,1,28,0,2.5,0,0,0.941,0
616,2,6,6811,81732,8,10,1,3,1,3,0,2,0,2.0,0,0,0.065,0
618,1,1,4306,51672,0,8,0,3,1,3,2,29,0,2.0,0,1,-0.467,0
620,1,1,4859,58308,5,5,0,3,1,3,0,1,0,2.75,0,1,-0.349,0
621,1,1,5337,64044,10,10,0,4,4,3,0,21,5,3.75,0,1,-0.248,0
622,2,3,2340,28080,1,1,1,4,3,1,0,24,0,2.5,0,1,-0.885,1
623,2,5,7491,89892,6,12,0,4,2,4,0,1,1,3.5,0,0,0.21,0
624,2,13,10527,126324,2,28,0,3,1,2,0,18,1,2.5,0,0,0.855,0
625,1,8,16595,199140,18,22,0,1,2,3,1,2,11,2.0,0,0,2.144,0
626,1,15,8834,106008,9,9,0,2,1,3,1,9,7,2.5,0,0,0.495,0
630,2,2,5577,66924,10,18,1,1,4,3,2,6,6,2.5,1,1,-0.197,0
631,1,1,4707,56484,4,6,0,3,4,3,0,11,1,3.5,0,1,-0.382,1
632,1,10,2400,28800,2,3,0,4,4,3,2,24,2,3.5,0,1,-0.872,0
634,2,6,9824,117888,1,18,0,3,3,3,1,10,0,3.0,0,0,0.706,0
635,2,9,6447,77364,6,8,0,2,2,2,1,1,4,2.0,0,0,-0.012,0
638,2,16,19502,234024,31,31,1,3,4,3,1,18,0,3.25,0,0,2.762,0
639,2,4,2725,32700,6,6,1,4,2,3,2,23,1,2.75,0,1,-0.803,0
641,1,1,6272,75264,5,6,0,2,1,4,2,28,1,2.75,0,1,-0.049,0
643,2,3,2127,25524,1,1,0,2,4,3,1,17,0,3.25,0,1,-0.93,0
644,3,12,18200,218400,32,32,0,2,1,3,1,3,10,2.25,0,0,2.485,0
645,1,10,2096,25152,7,7,0,3,2,3,0,13,0,2.75,0,1,-0.936,0
647,2,3,2886,34632,6,6,1,3,1,3,1,7,1,2.75,0,1,-0.769,1
648,1,10,2033,24396,1,1,0,1,2,4,1,12,0,2.5,0,1,-0.95,1
649,2,4,3622,43464,6,6,1,4,2,3,1,1,1,3.25,0,1,-0.612,0
650,1,1,4233,50796,3,9,0,1,2,1,0,13,1,1.75,0,1,-0.482,1
652,2,7,3681,44172,3,9,0,4,1,3,0,25,0,3.0,0,1,-0.6,0
653,1,1,5460,65520,7,13,0,4,1,4,2,6,5,3.25,0,1,-0.222,0
655,2,4,2187,26244,5,6,0,3,1,2,2,6,0,2.25,0,1,-0.917,0
656,1,1,9602,115224,3,17,1,3,4,2,1,2,1,3.0,0,0,0.658,0
657,2,4,2836,34032,1,1,0,2,4,4,0,1,0,3.5,0,1,-0.779,0
659,2,6,4089,49068,10,10,0,4,3,3,2,2,2,3.0,0,1,-0.513,0
661,2,24,16627,199524,1,21,1,4,2,2,1,6,0,2.75,0,0,2.151,0
662,2,4,2619,31428,0,8,0,1,3,2,0,1,0,2.5,0,1,-0.825,0
663,2,7,5679,68148,8,10,1,3,4,3,1,9,4,3.0,0,1,-0.175,0
664,2,8,15402,184824,3,21,0,1,4,1,1,1,0,1.75,0,0,1.891,0
665,3,19,5985,71820,2,10,0,3,1,4,0,1,0,2.5,0,1,-0.11,0
666,1,10,2579,30948,8,8,1,3,3,3,2,14,0,3.25,0,1,-0.834,0
667,1,10,3041,36492,4,5,0,1,3,3,1,2,0,2.25,0,1,-0.736,1
669,1,10,3447,41364,3,3,0,3,3,3,0,22,1,3.0,0,1,-0.649,0
671,2,12,19513,234156,2,26,1,4,4,4,1,3,0,3.25,0,0,2.764,0
675,2,4,2773,33276,2,3,0,3,1,3,0,6,2,2.75,0,1,-0.793,0
677,1,1,7104,85248,5,6,0,3,3,3,0,8,1,3.25,0,0,0.128,0
679,2,2,6322,75864,6,6,1,4,1,2,1,9,0,2.75,0,0,-0.038,0
680,2,4,2083,24996,1,1,0,3,3,3,1,3,0,3.0,0,1,-0.939,0
682,1,1,8381,100572,14,18,0,1,4,4,0,1,8,3.25,0,0,0.399,0
683,2,4,2691,32292,10,10,0,4,2,2,1,1,8,3.0,0,1,-0.81,0
684,1,1,4286,51432,1,5,0,1,1,3,2,26,0,2.25,0,1,-0.471,1
686,2,3,2659,31908,3,3,1,4,3,3,1,6,0,3.25,0,1,-0.817,0
689,2,5,9434,113208,10,10,0,3,3,3,1,3,7,3.0,0,0,0.623,0
690,1,1,5561,66732,6,6,0,3,2,2,1,3,1,2.0,0,1,-0.2,0
691,2,2,6646,79752,17,17,0,4,2,3,0,6,11,2.75,0,0,0.03,0
692,2,6,7725,92700,13,15,0,4,3,1,1,6,4,2.75,0,0,0.26,0
698,3,25,10725,128700,9,16,0,2,3,4,1,19,7,3.0,0,0,0.897,0
699,2,9,8847,106164,3,13,1,2,2,3,1,9,0,2.5,1,0,0.498,0
700,2,4,2045,24540,4,5,0,4,1,3,0,3,1,3.0,0,1,-0.947,0
701,2,4,1009,12108,1,1,1,3,4,3,0,10,1,3.5,0,1,-1.167,1
702,2,4,3348,40176,10,10,1,1,1,3,0,3,9,1.5,1,1,-0.67,1
704,2,3,1281,15372,1,1,0,3,3,3,2,3,0,3.0,0,1,-1.11,0
705,2,4,2819,33828,3,5,0,1,1,4,1,4,0,1.75,0,1,-0.783,0
707,1,1,4851,58212,3,4,0,2,4,3,1,8,1,3.0,0,1,-0.351,0
709,1,1,4028,48336,7,8,0,4,4,3,0,7,0,3.0,0,1,-0.526,0
710,2,4,2720,32640,10,10,0,4,2,3,1,1,2,3.25,0,1,-0.804,0
712,1,1,8120,97440,2,12,0,2,2,3,0,2,2,2.75,0,0,0.344,0
714,1,1,4647,55764,6,6,1,4,4,3,2,3,0,3.25,0,1,-0.394,0
715,2,4,4680,56160,1,4,0,4,4,3,0,10,0,3.0,0,1,-0.387,0
716,2,3,3221,38652,20,20,1,3,4,3,3,28,3,3.25,0,1,-0.697,0
717,2,13,8621,103452,8,9,0,2,4,4,0,9,7,3.0,0,0,0.45,0
720,1,1,4577,54924,2,4,0,3,1,3,0,3,2,2.0,0,1,-0.409,1
721,2,6,4553,54636,20,20,0,3,4,3,0,2,11,2.75,0,1,-0.414,0
722,1,1,5396,64752,10,10,0,4,4,2,0,10,0,3.5,0,1,-0.235,0
723,1,1,6796,81552,4,18,1,3,2,3,1,8,1,2.25,0,1,0.062,1
724,2,6,7625,91500,9,10,0,4,2,2,0,1,1,2.75,0,0,0.238,0
725,2,5,7412,88944,9,9,0,1,3,3,0,1,0,2.75,0,0,0.193,0
727,2,11,11159,133908,7,10,0,4,3,3,0,3,7,3.5,0,0,0.989,0
728,1,1,4960,59520,7,20,0,1,4,3,0,14,1,3.0,0,1,-0.328,0
729,1,15,10475,125700,18,20,1,1,4,3,1,5,1,2.75,1,0,0.844,0
730,2,24,14814,177768,5,32,0,3,3,3,0,7,1,3.0,0,0,1.766,0
731,3,12,19141,229692,21,23,0,4,2,2,3,10,12,2.5,0,0,2.685,0
732,1,1,5405,64860,2,10,0,1,1,3,0,16,2,2.25,0,1,-0.233,0
733,2,5,8793,105516,9,9,0,1,4,2,2,10,1,2.5,0,0,0.487,0
734,3,12,19189,230268,22,22,0,3,4,3,1,1,2,3.0,0,0,2.696,0
738,1,10,3875,46500,2,4,0,2,4,3,1,8,2,3.25,0,1,-0.558,0
741,2,4,2216,26592,7,10,1,2,1,3,0,1,3,2.5,1,1,-0.911,1
742,2,11,11713,140556,8,10,0,1,1,3,1,8,0,1.5,0,0,1.107,0
743,2,5,7861,94332,1,10,1,3,3,4,0,1,0,3.5,0,0,0.289,0
744,2,3,3708,44496,5,9,0,3,1,3,0,24,1,2.5,0,1,-0.594,0
746,1,21,13770,165240,22,28,1,3,4,2,2,3,11,3.25,0,0,1.544,0
747,1,1,5304,63648,8,10,0,4,3,2,1,27,7,3.25,0,1,-0.255,0
749,1,10,2642,31704,1,1,0,3,3,3,0,10,0,3.0,0,1,-0.82,0
752,2,4,2759,33108,2,7,1,3,3,3,0,19,2,3.25,0,1,-0.796,1
754,1,1,6804,81648,2,7,0,4,4,3,1,15,2,3.5,0,1,0.064,0
757,2,6,6142,73704,5,10,0,3,2,3,0,8,4,3.0,0,1,-0.077,0
758,2,3,2500,30000,4,5,0,1,2,4,1,9,0,2.75,0,1,-0.851,0
760,3,19,6389,76668,8,12,0,2,3,1,1,3,3,2.25,0,1,-0.024,0
762,2,20,11103,133236,10,30,0,4,3,2,0,9,1,3.0,0,0,0.977,0
763,2,4,2342,28104,4,5,1,4,4,2,0,2,2,3.5,0,1,-0.884,0
764,2,6,6811,81732,7,9,0,1,4,1,0,7,0,1.75,0,0,0.065,0
766,1,10,2297,27564,2,2,0,2,4,3,2,10,2,3.25,0,1,-0.894,0
769,2,7,2450,29400,2,19,0,4,4,3,0,6,2,3.75,0,1,-0.861,0
771,2,6,5093,61116,1,16,0,1,4,4,1,2,0,2.5,0,1,-0.3,0
772,2,7,5309,63708,10,10,0,4,1,3,2,24,4,3.0,0,1,-0.254,0
773,2,4,3057,36684,1,6,1,3,4,1,1,2,0,2.5,0,1,-0.732,0
775,2,9,5121,61452,0,7,0,1,2,3,1,8,0,2.25,0,1,-0.294,0
776,1,8,16856,202272,34,34,0,1,3,4,0,3,1,2.25,0,0,2.2,0
780,2,4,2686,32232,10,10,1,4,4,2,0,1,7,3.25,0,1,-0.811,1
781,1,1,6180,74160,6,6,0,4,3,2,0,26,1,2.75,0,1,-0.069,0
783,1,14,6632,79584,8,9,0,3,2,3,0,2,3,2.25,0,1,0.027,0
784,2,4,3505,42060,2,2,0,3,1,3,0,10,0,2.75,0,1,-0.637,0
785,1,1,6397,76764,5,8,1,3,2,3,0,27,1,3.0,0,1,-0.023,1
786,1,1,6274,75288,6,6,0,4,4,3,0,2,1,3.5,0,1,-0.049,0
787,2,12,19859,238308,5,24,1,1,4,3,1,2,1,3.0,1,0,2.838,1
789,1,15,7587,91044,10,10,0,1,1,3,0,8,0,1.75,0,0,0.23,0
791,2,4,4258,51096,4,5,0,4,4,3,1,19,1,3.0,0,1,-0.477,0
792,2,3,4364,52368,2,5,0,4,1,3,1,1,2,2.25,0,1,-0.454,0
793,2,6,4335,52020,8,11,0,3,2,2,1,27,1,2.0,0,1,-0.461,0
796,1,1,5326,63912,4,6,0,1,4,2,0,8,1,2.5,0,1,-0.25,1
797,2,4,3280,39360,4,10,0,4,2,3,0,1,1,3.0,0,1,-0.685,0
799,2,9,5485,65820,5,9,1,1,4,3,2,19,1,2.5,1,1,-0.216,0
800,1,1,4342,52104,4,5,0,4,3,3,1,8,1,3.0,0,1,-0.459,0
802,2,4,2782,33384,5,6,1,1,4,2,2,10,4,2.25,1,1,-0.791,0
803,2,9,5980,71760,15,17,1,1,1,3,0,2,4,2.25,1,1,-0.111,0
804,2,4,4381,52572,6,6,0,1,3,3,0,2,1,2.5,0,1,-0.451,0
805,1,10,2572,30864,3,3,0,4,1,2,1,8,0,2.25,0,1,-0.835,0
806,2,3,3833,45996,2,7,0,3,4,3,2,1,0,3.25,0,1,-0.567,0
807,2,6,4244,50928,8,8,0,2,3,3,1,2,3,3.0,0,1,-0.48,0
808,1,1,6500,78000,3,6,0,1,3,3,1,8,1,2.25,0,1,-0.001,0
809,2,12,18430,221160,24,24,0,4,2,2,1,8,14,2.5,0,0,2.534,0
811,2,3,1601,19212,0,1,1,1,3,3,2,6,0,2.5,1,1,-1.042,1
812,2,3,2694,32328,1,1,0,2,3,3,3,9,0,2.75,0,1,-0.809,0
813,2,7,3149,37788,5,9,0,3,4,3,1,11,1,3.0,0,1,-0.713,0
815,2,24,17639,211668,4,30,0,3,3,3,0,2,0,3.25,0,0,2.366,0
816,2,3,2319,27828,1,1,1,1,2,3,1,1,0,2.5,1,1,-0.889,1
817,2,11,11691,140292,13,14,0,3,3,4,0,7,3,3.5,0,0,1.102,0
819,1,1,5324,63888,3,6,0,1,1,3,0,16,0,2.0,0,1,-0.25,1
820,2,8,16752,201024,26,26,1,4,3,2,1,2,3,3.0,0,0,2.178,0
823,2,9,5228,62736,9,10,0,2,3,3,1,1,0,2.25,0,1,-0.271,0
824,2,4,2700,32400,10,10,0,3,3,3,1,23,0,3.0,0,1,-0.808,0
825,2,16,19246,230952,31,40,1,2,4,3,0,2,13,3.25,1,0,2.708,1
826,2,4,2506,30072,2,7,0,3,4,3,0,1,2,3.25,0,1,-0.849,0
827,2,9,6062,72744,4,8,1,4,4,3,1,1,0,3.75,0,1,-0.094,0
828,2,4,4382,52584,2,5,0,3,3,2,0,2,2,3.0,0,1,-0.451,1
829,3,22,2143,25716,5,8,0,2,3,3,1,13,0,2.5,0,1,-0.926,0
830,2,9,6162,73944,14,14,0,3,3,3,1,4,6,3.0,0,1,-0.072,0
832,2,7,5094,61128,1,10,0,3,1,3,0,16,0,2.75,0,1,-0.299,0
833,2,9,6877,82524,0,12,1,4,3,2,0,2,0,2.75,0,0,0.079,0
834,2,4,2274,27288,1,1,0,3,2,3,0,2,0,3.0,0,1,-0.899,0
836,2,9,4434,53208,9,10,0,2,2,2,1,29,7,2.5,0,1,-0.44,0
837,2,6,6288,75456,4,13,0,1,1,2,1,12,1,1.75,0,0,-0.046,0
838,2,4,2553,30636,5,6,0,4,3,3,0,16,1,3.25,0,1,-0.839,0
840,1,15,7654,91848,9,9,0,4,3,4,2,11,7,3.0,0,0,0.245,1
842,1,1,5160,61920,9,12,0,4,3,2,0,2,7,3.0,0,1,-0.285,1
843,2,24,17159,205908,4,22,0,1,2,3,1,14,1,2.25,0,0,2.264,0
844,2,11,12808,153696,9,9,1,4,3,3,1,5,0,3.0,0,0,1.34,0
845,2,5,10221,122652,8,17,0,3,3,4,0,7,1,3.0,0,0,0.79,0
846,1,1,4779,57348,8,8,1,2,2,3,0,2,7,2.0,1,1,-0.366,0
847,3,22,3737,44844,3,4,0,4,3,1,1,3,0,2.75,0,1,-0.588,0
848,2,4,2366,28392,8,8,1,3,3,3,1,5,1,2.5,0,1,-0.879,1
850,2,4,1706,20472,0,0,0,4,4,2,3,3,0,3.25,0,1,-1.019,0
851,1,8,16307,195684,20,29,0,3,1,2,1,26,4,2.25,0,0,2.083,0
852,2,6,5933,71196,5,10,0,2,4,2,0,4,2,3.0,0,1,-0.121,0
854,2,4,3424,41088,4,6,0,1,1,2,0,2,0,1.75,0,1,-0.654,0
855,1,1,4037,48444,9,9,0,1,1,3,1,1,0,1.5,0,1,-0.524,0
856,2,4,2559,30708,6,6,0,1,3,2,0,27,1,2.5,0,1,-0.838,0
857,1,1,6201,74412,18,18,1,4,2,2,1,1,4,3.0,0,1,-0.064,0
859,1,1,4403,52836,5,8,0,4,2,2,1,13,0,2.75,0,1,-0.446,0
861,2,4,3761,45132,5,10,0,4,2,2,1,5,0,2.5,0,1,-0.583,0
862,1,15,10934,131208,5,35,1,4,1,3,1,7,0,3.0,0,0,0.942,0
864,1,15,10761,129132,5,18,1,1,4,3,1,9,0,2.75,1,0,0.905,0
865,2,2,5175,62100,5,9,0,3,3,2,1,8,1,2.75,0,1,-0.282,0
867,2,26,13826,165912,9,31,0,4,3,3,0,25,0,3.25,0,0,1.556,0
868,1,1,6334,76008,1,9,0,3,4,3,2,16,0,3.5,0,1,-0.036,0
869,3,22,4936,59232,5,6,0,4,2,3,1,8,0,3.25,0,1,-0.333,0
872,2,9,4775,57300,2,4,0,4,4,1,2,1,2,2.5,0,1,-0.367,0
874,2,3,2818,33816,3,10,1,4,1,2,1,8,0,2.5,0,1,-0.783,0
875,2,4,2515,30180,2,8,1,4,2,3,0,2,2,3.25,0,1,-0.847,0
878,3,22,2342,28104,5,6,0,1,1,3,0,8,0,2.0,0,1,-0.884,0
879,1,1,4194,50328,5,5,1,1,3,3,0,3,0,2.75,1,1,-0.491,0
880,2,5,10685,128220,17,17,1,3,4,3,1,9,5,3.0,0,0,0.889,0
881,2,4,2022,24264,10,10,1,2,4,2,1,25,7,2.25,1,1,-0.952,1
882,2,3,2314,27768,3,4,0,4,4,3,1,1,0,3.25,0,1,-0.89,0
885,1,1,4256,51072,5,5,0,1,3,4,0,4,0,2.25,0,1,-0.477,0
887,2,4,3580,42960,4,7,0,1,3,3,1,1,0,2.25,0,1,-0.621,0
888,2,3,3162,37944,5,6,0,4,1,2,0,4,3,2.75,0,1,-0.71,0
889,1,1,6524,78288,10,10,0,2,2,3,1,5,5,2.75,0,1,0.004,0
893,1,10,2899,34788,2,3,0,2,2,3,1,9,1,2.75,0,1,-0.766,0
894,2,7,5231,62772,5,17,1,4,3,2,1,3,1,2.75,0,1,-0.27,0
895,2,4,2356,28272,6,8,1,4,4,3,1,11,0,3.25,0,1,-0.881,0
896,1,10,2800,33600,3,5,1,3,2,3,3,1,0,2.75,0,1,-0.787,1
897,1,21,11836,142032,2,28,0,4,1,3,1,8,2,2.75,0,0,1.133,0
899,2,5,10903,130836,13,16,0,2,4,3,0,25,4,2.5,0,0,0.935,0
900,1,10,2973,35676,5,10,0,4,3,3,1,21,0,3.0,0,1,-0.75,0
901,2,24,14275,171300,12,33,0,4,4,3,0,23,3,3.5,0,0,1.651,0
902,2,6,5562,66744,5,12,0,4,4,2,1,1,2,3.0,0,1,-0.2,0
903,1,1,4537,54444,7,8,1,4,3,3,1,2,7,2.75,0,1,-0.418,0
904,1,15,7642,91704,10,10,1,2,1,3,0,19,0,2.5,1,0,0.242,0
905,2,8,17924,215088,31,31,0,1,1,3,1,2,14,2.25,0,0,2.427,0
909,3,19,5204,62448,5,13,0,4,4,3,2,2,0,3.5,0,1,-0.276,0
910,3,22,2277,27324,4,7,1,2,4,4,1,3,0,3.25,1,1,-0.898,0
911,2,3,2795,33540,1,1,1,4,1,1,0,25,0,2.25,0,1,-0.788,1
912,2,3,2532,30384,4,8,0,4,1,3,3,7,0,2.75,0,1,-0.844,0
913,2,4,2559,30708,8,8,1,1,2,3,0,9,7,2.5,1,1,-0.838,0
916,1,1,4908,58896,4,4,0,4,1,3,0,5,0,2.5,0,1,-0.339,0
918,2,3,2380,28560,1,3,1,4,4,2,1,2,0,3.5,0,1,-0.876,1
920,2,9,4765,57180,1,4,0,2,1,4,1,8,0,2.5,0,1,-0.369,0
922,1,10,2044,24528,2,2,0,3,3,2,0,2,0,3.0,0,1,-0.947,1
923,2,4,2693,32316,1,1,0,4,4,2,0,18,0,2.75,0,1,-0.81,1
924,2,6,6586,79032,16,17,1,4,3,2,1,14,4,2.5,0,0,0.018,0
925,1,10,3294,39528,3,3,1,4,4,2,0,2,1,2.75,0,1,-0.682,0
926,2,9,4171,50052,3,4,1,3,2,4,1,3,0,2.5,0,1,-0.495,1
927,2,3,2778,33336,7,10,1,4,2,2,1,2,1,2.75,0,1,-0.791,1
930,2,4,2377,28524,2,6,0,3,3,3,1,9,2,2.75,0,1,-0.877,0
932,2,3,2404,28848,2,8,1,1,4,1,0,6,2,2.5,1,1,-0.871,1
933,2,4,2318,27816,1,1,0,3,2,3,0,4,0,2.75,0,1,-0.889,0
934,2,3,2008,24096,1,1,0,2,2,3,2,10,1,2.25,0,1,-0.955,0
936,1,1,6244,74928,5,10,0,3,3,3,0,14,0,2.5,0,1,-0.055,0
939,2,4,2799,33588,3,6,1,1,3,3,0,1,0,2.25,1,1,-0.787,0
940,2,13,10552,126624,6,24,1,2,3,3,1,5,0,3.0,1,0,0.86,0
941,1,10,2329,27948,7,13,0,3,2,4,0,7,5,2.75,0,1,-0.887,0
942,2,6,4014,48168,10,10,1,4,4,1,1,21,0,3.25,0,1,-0.529,0
944,2,17,7403,88836,26,29,0,2,1,2,1,8,1,2.0,0,0,0.191,0
945,2,4,2259,27108,0,13,0,3,4,2,2,20,0,2.5,0,1,-0.902,0
947,1,1,6932,83184,9,9,0,3,4,2,1,20,0,3.25,0,1,0.091,0
949,2,4,4678,56136,6,8,0,4,2,3,0,7,0,3.0,0,1,-0.388,0
950,2,11,13582,162984,15,15,0,1,4,3,1,1,5,2.5,0,0,1.504,0
951,2,3,2332,27984,3,5,0,2,3,3,0,1,0,2.75,0,1,-0.886,0
952,1,10,2413,28956,1,1,1,2,3,3,3,19,0,2.75,1,1,-0.869,1
954,1,15,9705,116460,1,11,0,2,1,2,1,10,0,1.75,0,0,0.68,0
956,1,1,4294,51528,7,7,0,1,3,3,0,1,0,2.25,0,1,-0.469,0
957,2,3,4721,56652,18,20,1,1,4,3,0,6,2,2.75,1,1,-0.379,0
958,2,3,2519,30228,11,16,0,3,3,3,0,2,3,3.0,0,1,-0.847,0
959,1,10,2121,25452,1,1,1,2,4,4,0,21,0,3.0,1,1,-0.931,1
960,2,3,2973,35676,1,1,0,1,1,3,0,4,0,1.75,0,1,-0.75,1
961,2,6,5855,70260,9,10,1,4,4,1,2,12,8,3.0,0,1,-0.138,0
964,2,4,3617,43404,1,3,1,2,4,3,1,9,0,3.25,1,1,-0.613,0
966,2,9,6725,80700,8,8,0,1,3,4,1,3,6,2.75,0,0,0.047,0
967,1,15,10325,123900,16,16,1,4,3,3,1,3,3,2.75,0,0,0.812,1
969,2,6,6949,83388,5,6,0,4,2,3,0,1,1,2.5,0,0,0.095,0
970,1,15,10609,127308,14,17,0,3,1,1,0,1,11,2.0,0,0,0.872,1
972,2,7,4447,53364,9,9,0,2,3,2,0,4,0,2.25,0,1,-0.437,0
974,1,10,2157,25884,3,3,0,4,3,3,1,20,0,3.0,0,1,-0.923,0
975,1,1,4601,55212,5,5,0,3,3,3,0,18,1,2.75,0,1,-0.404,0
976,2,8,17099,205188,9,26,0,4,4,2,1,1,7,3.0,0,0,2.251,0
977,2,4,2479,29748,1,7,0,3,4,3,0,2,0,2.75,0,1,-0.855,1
981,1,8,14852,178224,17,22,0,3,3,4,1,2,15,3.25,0,0,1.774,0
982,1,15,7264,87168,8,10,0,3,3,4,1,8,7,2.75,0,0,0.162,0
983,1,1,5666,67992,5,6,1,4,3,3,0,10,1,3.0,0,1,-0.178,0
984,1,15,7823,93876,10,12,0,4,4,3,1,3,0,3.25,0,0,0.28,0
985,1,15,7880,94560,8,9,0,3,1,3,0,2,0,2.75,0,0,0.293,0
986,1,21,13194,158328,1,22,1,2,2,2,0,24,0,2.5,1,0,1.422,1
987,2,9,5067,60804,19,20,1,3,3,4,0,16,2,3.25,0,1,-0.305,0
990,1,1,5079,60948,7,12,0,4,1,3,2,8,0,3.0,0,1,-0.303,0
991,2,4,2321,27852,3,4,1,1,3,3,0,9,1,2.0,1,1,-0.889,1
992,1,8,17444,209328,10,10,0,3,4,3,0,17,6,3.5,0,0,2.325,0
994,2,4,2404,28848,0,3,1,1,4,3,0,10,0,2.75,1,1,-0.871,1
995,2,4,3452,41424,3,5,0,4,2,3,0,13,0,2.5,0,1,-0.648,0
996,2,3,2270,27240,5,8,0,4,4,3,2,1,0,3.75,0,1,-0.899,0
997,2,24,17399,208788,5,32,0,4,4,2,1,1,1,3.25,0,0,2.315,0
998,2,6,5488,65856,6,6,1,2,3,3,1,1,1,2.25,1,1,-0.216,0
999,2,16,19419,233028,18,21,0,3,1,4,1,9,0,2.5,0,0,2.744,0
1001,2,3,2811,33732,2,4,0,2,3,3,1,16,2,2.5,0,1,-0.784,0
1002,2,7,3633,43596,9,9,1,1,4,3,1,23,0,2.75,1,1,-0.61,0
1003,1,1,4163,49956,9,9,1,4,4,3,0,4,0,3.5,0,1,-0.497,0
1004,2,4,2132,25584,5,7,1,3,1,3,0,22,0,2.25,0,1,-0.929,1
1005,2,26,13973,167676,12,22,1,3,4,3,1,24,1,3.5,0,0,1.587,0
1006,2,4,2684,32208,2,3,0,3,3,2,1,10,0,2.5,0,1,-0.811,0
1007,2,5,10845,130140,8,13,0,3,4,3,1,7,0,3.0,0,0,0.923,0
1009,2,9,4377,52524,4,5,0,3,4,3,2,17,3,3.0,0,1,-0.452,0
1010,2,3,3743,44916,4,5,1,2,3,1,1,14,0,2.5,1,1,-0.586,1
1011,2,9,4148,49776,4,4,0,1,3,3,1,1,0,2.5,0,1,-0.5,0
1012,2,4,1051,12612,0,0,0,4,2,3,0,5,0,3.25,0,1,-1.158,0
1013,2,5,10739,128868,10,22,0,3,3,3,1,17,0,3.0,0,0,0.9,0
1014,2,13,10388,124656,16,16,1,3,3,2,1,25,10,2.75,0,0,0.825,0
1015,2,11,11416,136992,8,9,1,1,2,2,3,8,1,2.0,1,0,1.044,0
1016,2,4,2600,31200,1,1,1,1,4,3,0,11,0,2.25,1,1,-0.829,1
1017,2,3,2422,29064,3,4,0,2,2,3,0,5,1,2.0,0,1,-0.867,1
1018,2,9,5472,65664,8,8,0,4,4,3,0,2,1,3.25,0,1,-0.219,0
1019,2,3,2451,29412,4,4,0,1,2,2,1,8,1,1.5,0,1,-0.861,0
1022,2,6,4240,50880,2,19,0,3,1,3,0,6,2,2.75,0,1,-0.481,0
1024,2,13,10999,131988,15,27,0,3,3,3,0,4,4,2.75,0,0,0.955,0
1025,2,9,5003,60036,2,8,0,3,4,3,0,7,2,3.0,0,1,-0.319,0
1026,2,26,12742,152904,21,21,0,4,4,3,1,1,11,3.5,0,0,1.326,0
1027,2,9,4227,50724,3,4,0,4,1,3,1,2,2,2.5,0,1,-0.484,0
1028,2,3,3917,47004,3,3,0,4,2,2,1,10,1,2.25,0,1,-0.549,0
1029,1,12,18303,219636,1,21,0,3,4,4,0,5,0,3.25,0,0,2.507,0
1030,2,3,2380,28560,1,8,0,4,1,3,0,9,0,2.5,0,1,-0.876,0
1032,2,26,13726,164712,5,30,1,4,3,3,0,2,4,2.75,0,0,1.535,0
1033,2,6,4777,57324,1,15,0,2,1,1,0,11,0,1.25,0,1,-0.367,1
1034,2,6,6385,76620,8,17,1,2,3,3,2,18,6,3.0,1,0,-0.025,0
1035,2,16,19973,239676,21,21,0,3,2,3,2,7,5,2.5,0,0,2.862,0
1036,1,1,6861,82332,1,19,1,4,2,3,0,3,0,3.0,0,1,0.076,0
1037,1,1,4969,59628,2,7,0,1,2,3,0,29,2,2.5,0,1,-0.326,1
1038,1,12,19845,238140,32,33,0,4,1,3,1,2,6,3.0,0,0,2.835,1
1039,1,21,13320,159840,12,23,1,4,4,3,1,28,11,3.5,0,0,1.448,0
1040,1,1,6347,76164,18,19,0,3,4,3,1,1,0,2.75,0,1,-0.033,0
1042,2,3,2743,32916,17,18,0,1,3,3,0,16,15,2.5,0,1,-0.799,1
1043,2,5,10880,130560,21,21,1,1,4,3,0,22,2,2.75,1,0,0.93,0
1044,1,10,2342,28104,2,3,0,4,2,2,0,8,2,3.0,0,1,-0.884,0
1045,1,8,17650,211800,9,26,0,4,4,4,1,11,1,3.5,0,0,2.369,0
1046,2,3,4025,48300,8,10,0,3,4,3,0,29,7,3.0,0,1,-0.527,0
1047,1,1,9725,116700,15,16,0,4,2,2,1,1,0,3.0,0,0,0.685,0
1048,1,23,11904,142848,6,14,1,4,2,1,1,1,0,2.5,0,0,1.148,0
1049,3,22,2177,26124,6,6,0,2,2,3,0,24,0,2.0,0,1,-0.919,0
1050,1,15,7525,90300,15,30,0,2,3,3,1,2,6,2.25,0,0,0.217,0
1052,2,7,4834,58008,1,9,0,3,1,2,1,15,0,2.0,0,1,-0.355,1
1053,2,4,2042,24504,3,6,1,1,1,3,1,2,1,1.75,1,1,-0.948,1
1055,1,10,2220,26640,1,1,1,3,3,3,1,10,0,3.25,0,1,-0.91,0
1056,1,10,1052,12624,1,1,0,2,4,3,0,10,0,2.75,0,1,-1.158,0
1060,2,4,2821,33852,2,8,0,3,3,3,1,3,2,2.5,0,1,-0.782,0
1061,2,16,19237,230844,8,29,1,3,2,2,1,2,7,2.75,0,0,2.706,0
1062,2,6,4107,49284,4,8,0,2,4,2,0,3,0,2.25,0,1,-0.509,0
1066,1,1,8396,100752,7,8,0,1,3,2,1,26,7,2.0,0,0,0.402,0
1068,2,4,2007,24084,5,5,0,3,1,3,2,1,1,2.5,0,1,-0.955,0
1069,2,16,19627,235524,2,23,0,4,4,3,2,1,2,3.75,0,0,2.789,0
1070,1,15,10686,128232,9,13,0,3,3,3,1,2,7,2.75,0,0,0.889,0
1071,2,4,2942,35304,5,18,0,3,1,3,1,9,0,2.25,0,1,-0.757,0
1073,2,5,8858,106296,14,15,0,4,4,2,0,12,7,3.0,0,0,0.5,0
1074,2,8,16756,201072,9,31,0,1,3,4,0,2,6,2.5,0,0,2.179,0
1076,1,15,10798,129576,1,18,0,4,3,3,1,25,0,3.25,0,0,0.913,0
1077,1,10,2323,27876,2,2,1,4,4,3,0,9,0,3.25,0,1,-0.888,1
1079,2,3,1416,16992,1,1,0,1,3,2,0,10,1,1.75,0,1,-1.081,1
1080,2,2,4615,55380,16,19,1,1,4,3,3,8,1,2.25,1,1,-0.401,0
1081,2,4,2461,29532,10,18,1,3,1,4,3,4,2,2.75,0,1,-0.859,1
1082,2,13,8722,104664,10,10,0,1,2,2,0,24,1,1.5,0,0,0.472,1
1083,2,3,3955,47460,5,6,0,1,1,3,2,1,1,1.5,0,1,-0.541,0
1084,2,9,9957,119484,6,7,0,1,3,2,1,20,0,2.25,0,0,0.734,0
1085,2,4,3376,40512,10,10,0,3,2,3,0,7,0,2.75,0,1,-0.664,0
1088,2,13,8823,105876,19,20,0,3,3,2,1,17,1,2.25,0,0,0.493,0
1092,2,13,10322,123864,11,14,0,4,1,3,1,20,11,3.0,0,0,0.811,0
1094,2,3,4621,55452,3,3,0,3,1,3,3,8,1,2.75,0,1,-0.4,0
1096,2,5,10976,131712,3,23,0,2,4,3,1,2,1,2.75,0,0,0.95,0
1097,2,2,3660,43920,8,10,0,3,3,4,0,10,1,3.5,0,1,-0.604,0
1098,3,25,10482,125784,20,24,0,1,2,3,1,1,3,2.5,0,0,0.845,1
1099,2,13,7119,85428,3,9,0,4,4,3,1,5,1,3.5,0,0,0.131,0
1100,1,15,9582,114984,8,9,1,1,4,3,0,4,4,2.25,1,0,0.654,1
1101,2,2,4508,54096,13,14,0,3,1,3,0,29,3,2.25,0,1,-0.424,1
1102,2,3,2207,26484,4,4,0,3,1,2,1,15,2,2.5,0,1,-0.913,0
1103,2,6,7756,93072,6,7,0,4,1,2,0,3,0,2.5,0,0,0.266,0
1105,1,1,6694,80328,1,8,1,4,4,3,3,10,0,3.5,0,1,0.041,0
1106,2,3,3691,44292,7,7,1,4,4,4,1,4,5,3.5,0,1,-0.597,1
1107,2,3,2377,28524,1,1,0,3,1,2,1,21,0,2.25,0,1,-0.877,1
1108,2,4,2313,27756,2,5,1,2,1,3,0,25,2,2.0,1,1,-0.89,1
1109,2,8,17665,211980,22,23,0,1,4,3,1,2,13,3.0,0,0,2.372,0
1111,2,3,2596,31152,1,1,0,2,1,3,2,1,0,1.75,0,1,-0.83,1
1113,1,1,4728,56736,0,5,1,3,4,3,0,1,0,3.5,0,1,-0.377,1
1114,1,1,4302,51624,3,4,0,2,4,3,1,7,0,3.0,0,1,-0.468,0
1115,2,4,2979,35748,0,6,0,4,3,3,3,3,0,3.5,0,1,-0.749,0
1116,2,8,16885,202620,5,27,0,4,1,2,0,1,2,2.5,0,0,2.206,0
1117,1,1,5593,67116,15,15,0,3,2,3,1,9,4,3.0,0,1,-0.193,0
1118,2,13,10445,125340,8,18,0,2,2,3,0,7,4,2.75,0,0,0.838,0
1119,1,15,8740,104880,8,9,1,3,3,3,2,10,2,2.75,0,0,0.475,0
1120,2,4,2514,30168,7,11,0,4,3,3,1,28,1,2.75,0,1,-0.848,0
1121,2,5,7655,91860,9,10,0,2,4,2,3,3,1,2.5,0,0,0.245,0
1124,1,8,17465,209580,12,23,0,3,1,3,1,3,4,2.75,0,0,2.329,0
1125,1,15,7351,88212,1,10,0,2,4,3,0,2,0,3.0,0,0,0.18,0
1126,2,5,10820,129840,8,18,0,1,3,3,1,27,0,2.5,0,0,0.917,0
1127,2,20,12169,146028,18,21,0,4,1,3,3,2,11,3.0,0,0,1.204,1
1128,2,16,19626,235512,20,21,0,3,3,4,0,14,4,2.75,0,0,2.788,0
1131,2,4,2070,24840,2,2,1,2,4,4,0,1,2,3.25,1,1,-0.942,0
1132,2,7,6782,81384,5,9,0,2,3,2,0,9,0,2.5,0,0,0.059,0
1133,2,9,7779,93348,11,18,0,4,1,3,0,18,0,2.25,0,0,0.271,0
1135,1,10,2791,33492,2,3,0,4,3,3,1,20,2,2.75,0,1,-0.789,0
1136,2,4,3201,38412,5,6,0,2,1,1,0,2,0,1.25,0,1,-0.702,0
1137,1,1,4968,59616,5,5,0,4,4,3,1,11,0,3.75,0,1,-0.326,0
1138,1,21,13120,157440,9,22,0,2,4,3,1,8,2,2.75,0,0,1.406,0
1140,2,9,4033,48396,3,5,0,3,4,2,0,2,0,3.25,0,1,-0.525,0
1143,2,4,3291,39492,7,8,0,2,4,2,2,10,1,3.0,0,1,-0.682,0
1148,2,7,4272,51264,1,16,0,4,2,3,0,29,0,2.5,0,1,-0.474,0
1150,2,9,5056,60672,10,10,1,4,2,2,1,8,1,2.75,0,1,-0.307,0
1152,3,22,2844,34128,7,7,0,3,3,4,1,1,5,3.5,0,1,-0.777,0
1154,2,4,2703,32436,3,3,1,3,3,3,1,6,0,3.25,0,1,-0.807,0
1156,2,3,1904,22848,0,0,0,3,3,3,0,8,0,3.25,0,1,-0.977,1
1157,1,1,8224,98688,5,6,1,1,1,3,0,9,0,1.5,1,0,0.366,1
1158,2,3,4766,57192,1,6,1,4,2,3,1,12,0,2.5,0,1,-0.369,0
1160,2,3,2610,31320,2,2,0,3,3,2,1,15,2,2.75,0,1,-0.827,1
1161,2,6,5731,68772,6,9,0,4,3,3,2,25,1,3.25,0,1,-0.164,0
1162,2,4,2539,30468,4,4,0,3,4,3,1,6,2,3.25,0,1,-0.842,0
1163,1,1,5714,68568,6,6,0,3,2,2,0,9,1,2.0,0,1,-0.168,0
1164,3,22,4323,51876,5,6,0,3,3,1,0,8,1,2.25,0,1,-0.463,0
1165,1,15,7336,88032,11,11,0,1,4,1,1,23,3,1.75,0,0,0.177,1
1166,2,11,13499,161988,18,20,0,3,2,2,0,9,2,2.5,0,0,1.487,0
1167,1,21,13758,165096,21,22,1,1,3,2,0,12,13,2.0,1,0,1.542,1
1171,1,1,5155,61860,6,9,0,1,2,4,0,4,1,2.75,0,1,-0.286,0
1172,2,3,2258,27096,8,10,0,3,4,3,1,1,1,3.0,0,1,-0.902,0
1173,2,3,3597,43164,4,6,0,2,4,3,0,24,1,3.25,0,1,-0.617,0
1175,2,3,2515,30180,1,1,1,4,3,2,0,12,0,3.25,0,1,-0.847,1
1177,2,3,4420,53040,8,8,0,4,1,3,1,3,0,2.5,0,1,-0.443,0
1179,1,1,6578,78936,10,10,0,3,3,3,1,10,1,2.5,0,1,0.016,0
1180,2,2,4422,53064,1,16,1,4,3,1,1,26,0,3.0,0,1,-0.442,0
1182,2,5,10274,123288,7,15,0,2,3,4,1,2,6,2.75,0,0,0.801,0
1184,2,6,5343,64116,13,14,0,1,4,3,0,1,4,2.75,0,1,-0.246,0
1185,2,3,2376,28512,2,2,0,4,4,4,1,4,2,3.5,0,1,-0.877,0
1188,1,1,5346,64152,4,7,0,3,1,2,0,9,1,2.0,0,1,-0.246,1
1190,1,10,2827,33924,1,1,0,1,3,3,3,2,0,2.5,0,1,-0.781,0
1191,2,12,19943,239316,5,28,0,1,4,3,1,4,4,3.0,0,0,2.856,0
1192,2,3,3131,37572,10,10,0,4,2,3,1,6,0,2.5,0,1,-0.716,0
1193,2,4,2552,30624,1,1,0,1,3,3,0,9,0,2.5,0,1,-0.839,0
1195,2,4,4477,53724,3,7,1,3,1,2,1,7,0,2.25,0,1,-0.43,0
1196,2,9,6474,77688,14,14,0,4,4,2,1,1,3,3.0,0,0,-0.006,0
1198,2,3,3033,36396,2,2,0,3,1,2,0,3,1,1.75,0,1,-0.737,0
1200,2,4,2936,35232,6,6,1,3,3,3,0,10,0,3.0,0,1,-0.758,1
1201,2,12,18606,223272,7,26,0,3,4,3,1,7,4,3.0,0,0,2.572,0
1202,2,4,2168,26016,5,6,1,4,2,2,1,15,1,2.25,0,1,-0.921,0
1203,2,4,2853,34236,0,1,1,4,3,3,1,3,0,3.0,0,1,-0.776,1
1204,1,8,17048,204576,26,28,0,1,3,3,0,2,15,2.0,0,0,2.241,0
1206,2,4,2290,27480,0,6,0,3,4,3,0,17,0,3.5,0,1,-0.895,0
1207,3,22,3600,43200,5,5,0,3,2,3,1,2,1,3.0,0,1,-0.617,0
1210,2,4,2107,25284,1,5,0,1,1,1,1,5,0,1.0,0,1,-0.934,1
1211,1,1,4115,49380,4,8,0,1,3,3,3,29,0,2.5,0,1,-0.507,0
1212,1,1,4327,51924,0,5,0,2,2,3,3,2,0,2.75,0,1,-0.462,0
1215,2,8,17856,214272,2,32,0,1,4,3,1,2,2,2.75,0,0,2.412,0
1216,2,3,3196,38352,6,6,0,1,4,3,3,19,3,2.75,0,1,-0.703,0
1217,2,16,19081,228972,4,25,0,2,4,3,1,15,0,2.5,0,0,2.673,0
1218,1,1,8966,107592,7,15,1,1,3,3,3,17,1,2.75,1,0,0.523,0
1219,2,3,2210,26520,1,1,0,2,4,1,1,17,0,2.0,0,1,-0.912,1
1220,1,1,4539,54468,10,10,0,3,2,2,1,25,0,2.0,0,1,-0.417,0
1221,2,3,2741,32892,7,7,0,3,3,3,1,6,1,3.0,0,1,-0.799,0
1224,2,7,3491,41892,10,10,0,3,3,2,3,7,8,2.25,0,1,-0.64,0
1225,2,2,4541,54492,20,20,0,4,4,3,0,29,13,3.25,0,1,-0.417,0
1226,1,10,2678,32136,2,2,0,4,3,3,0,21,2,3.5,0,1,-0.813,0
1228,2,9,7379,88548,6,12,0,4,4,2,1,2,1,3.25,0,0,0.186,0
1231,3,19,6272,75264,4,10,0,1,4,4,1,2,0,2.5,0,1,-0.049,0
1233,1,1,5220,62640,11,12,1,4,2,3,1,7,1,2.75,0,1,-0.273,0
1234,2,3,2743,32916,2,2,0,2,3,3,1,13,2,2.75,0,1,-0.799,0
1235,2,2,4998,59976,8,10,1,3,4,3,0,2,0,3.5,0,1,-0.32,0
1237,2,5,10252,123024,7,17,1,1,3,3,1,1,7,2.5,1,0,0.797,0
1238,2,4,2781,33372,14,15,0,4,1,3,1,9,4,2.5,0,1,-0.791,0
1239,1,1,6852,82224,5,7,0,2,2,4,1,10,1,2.5,0,1,0.074,0
1240,1,1,4950,59400,4,5,0,4,3,3,0,10,1,3.0,0,1,-0.33,0
1241,2,4,3579,42948,11,12,1,2,4,3,1,1,5,2.5,1,1,-0.621,0
1242,2,11,13191,158292,1,20,1,1,1,3,0,26,0,2.0,1,0,1.421,0
1243,1,15,10377,124524,13,16,1,4,3,2,1,8,4,2.75,0,0,0.823,0
1244,2,4,2235,26820,9,9,1,1,1,2,2,14,6,2.0,1,1,-0.907,0
1245,2,5,10502,126024,5,33,0,3,4,1,1,1,1,2.25,0,0,0.85,0
1246,2,4,2011,24132,10,10,0,4,1,3,1,2,7,3.0,0,1,-0.954,0
1248,2,4,1859,22308,1,1,1,2,1,4,0,10,0,2.25,1,1,-0.987,1
1249,2,4,3760,45120,3,3,0,4,1,3,3,1,1,2.25,0,1,-0.583,0
1250,2,24,17779,213348,10,36,0,4,4,3,0,3,0,3.0,0,0,2.396,0
1251,2,6,6833,81996,6,6,1,1,3,2,0,11,0,2.5,1,0,0.07,0
1252,2,6,6812,81744,10,10,0,1,3,3,0,24,1,2.25,0,0,0.066,0
1254,1,1,5171,62052,6,13,0,4,3,3,0,3,0,3.5,0,1,-0.283,0
1255,2,16,19740,236880,8,25,0,4,3,3,1,3,0,3.0,0,0,2.813,0
1256,2,12,18711,224532,1,23,0,3,1,4,1,4,0,2.75,0,0,2.594,0
1257,2,4,3692,44304,11,12,0,2,3,2,0,3,0,2.5,0,1,-0.597,0
1258,2,3,2559,30708,1,7,0,2,4,2,0,2,0,2.75,0,1,-0.838,0
1259,2,4,2517,30204,5,5,0,3,1,3,3,4,0,2.25,0,1,-0.847,0
1260,2,6,6623,79476,6,6,1,4,3,3,2,7,1,3.0,0,0,0.026,0
1263,2,16,18265,219180,1,25,0,4,4,4,0,1,0,3.75,0,0,2.499,0
1264,2,24,16124,193488,7,9,0,4,4,2,2,1,1,3.0,0,0,2.044,0
1265,2,4,2585,31020,1,2,0,3,3,2,0,20,0,3.0,0,1,-0.832,0
1267,1,12,18213,218556,22,26,0,2,2,3,1,5,3,2.5,0,0,2.488,0
1268,1,15,8380,100560,9,10,1,3,4,3,2,10,0,3.5,0,0,0.399,0
1269,2,4,2994,35928,1,1,1,4,2,3,0,25,0,3.25,0,1,-0.746,0
1270,2,4,1223,14676,1,1,0,3,4,3,1,1,0,3.5,0,1,-1.122,0
1273,1,10,1118,13416,1,1,1,4,3,3,0,24,1,3.5,0,1,-1.144,1
1275,2,4,2875,34500,8,8,1,4,3,2,0,4,2,2.75,0,1,-0.771,0
1277,1,12,18824,225888,24,26,1,2,1,3,0,2,1,1.75,1,0,2.618,1
1278,2,20,13577,162924,33,34,1,2,4,3,1,8,15,3.25,1,0,1.503,0
1279,2,3,2625,31500,2,2,0,3,1,1,0,10,2,2.0,0,1,-0.824,1
1280,1,12,18789,225468,11,26,0,2,4,3,1,4,0,3.0,0,0,2.611,0
1281,1,1,4538,54456,3,4,1,1,3,3,0,2,0,2.75,1,1,-0.418,0
1282,1,12,19847,238164,29,31,1,2,4,2,1,9,11,2.25,1,0,2.835,0
1283,2,5,10512,126144,9,25,0,4,4,2,0,18,5,3.5,0,0,0.852,0
1285,2,7,4444,53328,11,15,0,2,3,4,2,19,5,3.0,0,1,-0.437,0
1286,2,3,2154,25848,4,5,1,3,4,2,0,1,0,3.0,0,1,-0.924,0
1288,2,12,19190,230280,25,26,0,1,3,2,2,4,14,2.5,0,0,2.696,0
1289,3,19,4490,53880,10,14,0,2,3,4,2,11,1,3.25,0,1,-0.428,0
1291,2,4,3506,42072,3,4,1,3,3,3,0,6,2,3.25,0,1,-0.637,0
1292,2,2,2372,28464,1,18,1,2,2,3,0,7,0,2.75,1,1,-0.878,0
1293,1,15,10231,122772,21,23,0,4,4,4,0,4,15,4.0,0,0,0.792,0
1294,2,9,5410,64920,16,18,1,2,3,3,0,2,5,3.0,1,1,-0.232,0
1295,2,13,7978,95736,10,10,0,4,1,3,1,15,0,3.0,0,0,0.313,1
1296,2,3,3867,46404,2,2,1,4,4,3,1,2,2,3.25,0,1,-0.56,0
1297,2,3,2838,34056,7,8,0,3,2,2,0,6,7,2.25,0,1,-0.779,0
1298,2,9,4695,56340,8,10,1,3,3,3,0,9,1,3.0,0,1,-0.384,0
1299,2,3,3339,40068,7,10,1,3,2,3,2,7,7,2.25,0,1,-0.672,1
1301,2,4,2080,24960,3,5,0,1,4,2,0,1,1,2.25,0,1,-0.94,0
1303,2,4,2096,25152,2,2,0,2,4,2,0,1,2,3.0,0,1,-0.936,0
1304,1,1,6209,74508,10,10,0,4,3,4,2,8,0,3.5,0,1,-0.062,0
1306,2,12,18061,216732,0,22,0,2,2,3,0,25,0,2.5,0,0,2.456,0
1307,2,8,17123,205476,19,21,1,2,3,3,2,13,15,3.0,1,0,2.257,0
1308,2,4,2372,28464,2,2,0,3,1,3,2,23,2,2.75,0,1,-0.878,0
1309,2,7,4883,58596,10,10,0,3,4,3,1,7,1,2.75,0,1,-0.344,1
1310,2,4,3904,46848,5,6,0,1,3,3,0,23,0,2.0,0,1,-0.552,1
1311,2,7,4627,55524,9,10,0,4,1,3,1,6,6,2.25,0,1,-0.399,0
1312,2,13,7094,85128,7,10,0,3,4,3,0,10,1,2.75,0,0,0.126,0
1314,3,22,3423,41076,7,10,0,1,4,4,0,1,5,3.0,0,1,-0.654,0
1315,2,7,6674,80088,9,10,0,4,3,3,3,1,7,2.75,0,0,0.036,0
1317,2,24,16880,202560,3,25,1,1,4,3,0,28,1,2.5,1,0,2.205,0
1318,1,15,9094,109128,5,9,1,2,4,3,0,25,1,3.0,1,0,0.551,1
1319,1,15,8446,101352,8,10,1,2,2,2,0,5,7,2.25,1,0,0.413,1
1321,2,23,11916,142992,9,9,1,1,2,3,2,17,0,2.5,1,0,1.15,0
1322,2,9,4534,54408,8,9,0,3,1,3,0,18,1,2.0,0,1,-0.418,0
1324,1,15,9852,118224,10,10,1,3,4,2,1,2,9,2.5,0,0,0.712,0
1329,1,1,6151,73812,19,19,0,2,3,3,0,10,11,2.25,0,1,-0.075,0
1331,1,10,2302,27624,3,3,1,2,4,4,0,1,2,2.75,1,1,-0.893,1
1333,2,3,2362,28344,3,10,0,1,1,4,0,3,1,2.25,0,1,-0.88,1
1334,2,8,17861,214332,20,21,1,3,3,2,0,2,2,3.0,0,0,2.413,0
1336,2,12,19187,230244,19,23,0,3,4,3,1,2,9,3.5,0,0,2.695,0
1338,3,12,19717,236604,7,36,0,2,4,3,0,8,7,2.5,0,0,2.808,0
1340,2,4,3544,42528,4,6,0,3,3,3,1,16,0,2.75,0,1,-0.629,0
1344,2,13,8500,102000,9,10,0,4,4,2,1,9,1,3.5,0,0,0.424,0
1346,2,2,4661,55932,9,9,0,4,3,3,0,2,8,3.25,0,1,-0.391,0
1349,1,1,4103,49236,9,10,0,1,3,3,1,1,1,2.75,0,1,-0.51,0
1350,2,2,4249,50988,9,9,1,3,3,3,0,4,1,2.75,0,1,-0.479,0
1352,3,8,14026,168312,33,33,1,2,3,3,1,5,0,2.5,1,0,1.598,0
1355,1,1,6893,82716,7,11,0,1,2,3,1,2,1,2.5,0,1,0.083,0
1356,1,1,6125,73500,10,10,0,1,3,4,0,15,9,3.0,0,1,-0.08,0
1358,2,3,3669,44028,3,7,0,4,4,2,3,19,1,3.25,0,1,-0.602,0
1360,2,5,10008,120096,10,31,1,1,3,2,0,7,5,2.5,1,0,0.745,1
1361,2,3,2387,28644,4,7,0,2,2,3,1,1,0,2.5,0,1,-0.875,0
1362,1,1,4639,55668,15,17,0,1,1,2,1,7,6,2.0,0,1,-0.396,0
1363,2,5,7898,94776,10,11,0,4,4,3,0,4,0,3.5,0,0,0.296,0
1364,1,10,2534,30408,1,5,0,4,3,3,1,11,0,3.0,0,1,-0.843,0
1367,2,26,13142,157704,5,29,0,2,4,2,0,11,0,2.5,0,0,1.411,0
1368,2,3,1611,19332,0,0,0,4,4,4,0,1,0,3.75,0,1,-1.039,0
1369,2,7,5363,64356,9,10,0,4,4,3,1,1,0,3.25,0,1,-0.242,0
1371,1,1,5071,60852,6,8,0,4,4,3,0,2,0,3.25,0,1,-0.304,0
1372,1,21,13695,164340,19,24,1,3,1,2,0,13,3,2.25,0,0,1.528,1
1373,2,26,13402,160824,19,33,1,2,4,3,1,23,15,2.5,1,0,1.466,0
1374,2,4,2029,24348,5,5,0,3,1,3,3,26,0,2.5,0,1,-0.951,0
1375,2,6,6377,76524,12,15,0,3,2,3,3,2,11,2.5,0,0,-0.027,0
1377,2,7,5429,65148,8,10,0,3,2,3,2,29,7,2.25,0,1,-0.228,0
1379,1,10,2785,33420,1,3,0,4,3,4,0,2,0,3.5,0,1,-0.79,1
1380,1,1,4614,55368,4,5,1,3,4,2,1,18,3,3.0,0,1,-0.401,1
1382,2,4,2610,31320,4,4,0,3,4,3,3,7,0,3.5,0,1,-0.827,0
1383,2,6,6687,80244,14,14,0,4,3,4,0,2,4,3.75,0,0,0.039,0
1387,1,1,4724,56688,5,5,0,1,3,3,1,26,0,2.5,0,1,-0.378,0
1389,2,9,6179,74148,10,10,1,3,4,2,2,22,6,3.25,0,1,-0.069,1
1390,1,1,6120,73440,5,8,1,4,1,4,2,21,1,3.25,0,1,-0.081,0
1391,1,15,10596,127152,4,14,0,2,2,3,0,2,3,2.25,0,0,0.87,0
1392,2,2,5467,65604,6,12,1,4,4,2,2,22,3,2.75,0,1,-0.22,0
1394,2,4,2996,35952,6,8,1,3,3,3,0,4,1,3.25,0,1,-0.745,0
1395,1,1,9998,119976,5,8,0,4,2,4,0,5,1,2.75,0,0,0.743,0
1396,1,1,4078,48936,3,4,1,2,3,2,3,2,1,2.0,1,1,-0.515,0
1397,2,13,10920,131040,6,13,0,3,3,3,1,25,0,2.75,0,0,0.939,0
1399,1,1,6232,74784,3,6,0,3,1,2,0,18,1,2.0,0,1,-0.058,0
1401,2,26,13247,158964,5,24,1,3,4,2,1,28,0,2.75,0,0,1.433,0
1402,2,2,4081,48972,20,20,1,3,1,1,0,6,1,1.5,0,1,-0.515,0
1403,1,1,5769,69228,6,6,1,4,4,3,0,10,4,3.75,0,1,-0.156,0
1405,2,4,2394,28728,8,8,1,3,4,3,0,17,7,3.5,0,1,-0.873,1
1407,2,4,3904,46848,4,5,0,4,1,3,0,2,1,3.0,0,1,-0.552,0
1408,3,8,16799,201588,20,21,0,1,3,3,1,10,0,2.5,0,0,2.188,0
1409,2,3,2950,35400,5,12,0,1,3,1,0,8,0,2.0,0,1,-0.755,0
1411,2,3,3629,43548,3,8,0,3,1,3,0,11,0,2.0,0,1,-0.611,0
1412,2,5,9362,112344,2,10,0,4,3,3,0,18,2,3.25,0,0,0.607,0
1415,2,3,3229,38748,3,7,0,4,1,2,1,1,0,2.25,0,1,-0.696,0
1417,2,3,3578,42936,7,8,0,1,3,3,0,7,0,2.75,0,1,-0.621,0
1419,3,25,7988,95856,10,10,0,1,2,2,0,17,0,1.5,0,0,0.316,0
1420,2,7,4284,51408,4,20,0,1,1,3,0,28,1,1.5,0,1,-0.471,1
1421,2,13,7553,90636,8,9,1,4,3,3,0,14,7,2.75,0,0,0.223,1
1422,2,24,17328,207936,20,29,0,4,4,2,0,1,12,3.5,0,0,2.3,0
1423,2,16,19701,236412,9,32,1,1,4,3,1,1,1,2.75,1,0,2.804,0
1424,2,24,14732,176784,7,31,0,4,2,4,2,1,0,3.5,0,0,1.749,0
1425,1,1,9278,111336,5,15,1,2,1,3,0,3,0,2.5,1,0,0.59,0
1427,1,10,1359,16308,1,1,0,3,2,3,0,1,0,2.5,0,1,-1.093,1
1428,1,1,4779,57348,3,8,0,1,4,3,2,7,0,2.5,0,1,-0.366,0
1430,2,24,16422,197064,3,9,0,2,1,4,0,8,1,2.5,0,0,2.108,0
1431,2,4,2996,35952,4,10,0,1,4,3,2,1,1,2.75,0,1,-0.745,0
1433,2,4,1261,15132,1,1,0,2,1,4,0,8,0,2.5,0,1,-1.114,1
1434,2,3,2099,25188,5,6,0,1,2,4,0,11,1,2.25,0,1,-0.936,0
1435,2,7,5810,69720,10,10,0,4,1,2,0,4,1,2.5,0,1,-0.147,0
1436,1,1,5647,67764,3,11,0,1,3,2,2,16,0,1.75,0,1,-0.182,0
1438,2,4,3420,41040,6,17,0,4,1,2,1,1,1,2.5,0,1,-0.655,0
1439,1,10,4400,52800,3,6,0,1,1,3,0,9,2,1.5,0,1,-0.447,1
1440,2,3,3500,42000,6,7,0,3,3,1,0,5,1,2.0,0,1,-0.638,0
1441,2,4,2066,24792,3,5,0,1,1,4,1,1,1,2.5,0,1,-0.943,0
1443,2,24,17169,206028,20,26,0,3,1,4,2,2,5,2.5,0,0,2.266,0
1445,1,1,4162,49944,5,5,1,3,4,3,2,4,0,3.25,0,1,-0.497,0
1446,1,1,9204,110448,4,7,0,4,4,2,1,7,0,3.25,0,0,0.574,0
1447,2,3,3294,39528,5,7,0,2,4,2,1,1,0,2.25,0,1,-0.682,0
1448,2,4,2127,25524,4,7,1,3,2,2,0,5,0,2.0,0,1,-0.93,0
1449,2,7,3975,47700,8,11,0,3,3,4,2,9,0,3.25,0,1,-0.537,0
1453,1,15,10793,129516,13,13,0,4,1,3,1,8,9,2.25,0,0,0.912,0
1457,1,15,10096,121152,7,28,0,4,1,4,1,9,4,2.5,0,0,0.763,1
1458,2,3,3646,43752,1,11,1,1,1,4,0,2,0,2.0,1,1,-0.607,1
1459,2,5,7446,89352,10,10,0,2,3,3,0,1,4,2.25,0,0,0.2,1
1460,2,13,10851,130212,7,24,1,1,2,3,1,20,0,2.0,1,0,0.924,0
1461,3,22,2109,25308,3,8,0,2,4,3,0,8,0,3.25,0,1,-0.934,0
1464,2,3,3722,44664,2,7,1,4,2,1,1,2,2,2.5,0,1,-0.591,1
1465,2,5,9380,112560,3,10,1,4,2,4,2,29,1,3.5,0,0,0.611,0
1466,1,1,5486,65832,2,15,0,1,3,3,3,7,2,2.0,0,1,-0.216,0
1467,3,22,2742,32904,2,2,0,3,1,3,0,9,2,2.75,0,1,-0.799,1
1468,2,11,13757,165084,9,16,0,2,4,3,1,8,4,3.0,0,0,1.541,0
1469,1,1,8463,101556,5,6,0,1,4,3,0,5,1,3.0,0,0,0.416,0
1471,2,3,3162,37944,5,7,0,3,3,3,0,5,0,3.25,0,1,-0.71,0
1472,2,24,16598,199176,9,35,0,2,4,2,0,2,8,2.5,0,0,2.145,0
1473,2,6,6651,79812,3,20,0,3,1,2,1,5,1,2.0,0,0,0.031,0
1474,2,4,2345,28140,3,8,0,3,3,4,1,2,1,3.25,0,1,-0.883,0
1475,2,4,3420,41040,5,6,0,2,4,2,0,20,1,2.75,0,1,-0.655,0
1477,1,1,4373,52476,4,5,0,1,4,3,2,7,0,2.25,0,1,-0.453,0
1478,1,1,4759,57108,13,15,0,1,4,3,0,3,3,3.0,0,1,-0.371,0
1479,1,1,5301,63612,2,4,0,3,4,2,2,16,2,3.0,0,1,-0.255,0
1480,2,3,3673,44076,12,12,0,4,1,3,0,9,5,2.75,0,1,-0.601,0
1481,1,1,4768,57216,1,11,0,3,1,2,1,1,0,2.25,0,1,-0.369,0
1482,2,4,1274,15288,1,1,0,3,3,2,2,7,0,2.5,0,1,-1.111,0
1483,2,2,4900,58800,12,13,0,3,2,2,1,1,2,2.0,0,1,-0.341,0
1484,2,13,10466,125592,8,29,0,2,3,3,2,7,0,2.5,0,0,0.842,0
1485,2,24,17007,204084,14,16,0,1,2,2,2,15,6,2.25,0,0,2.232,0
1486,1,10,2909,34908,3,5,0,3,1,4,1,1,1,3.0,0,1,-0.764,1
1487,1,1,5765,69180,5,7,0,2,1,1,0,13,0,1.25,0,1,-0.157,1
1489,1,1,4599,55188,15,16,1,2,1,4,0,24,10,2.5,1,1,-0.405,1
1492,1,10,2404,28848,1,1,0,3,4,3,1,7,0,2.75,0,1,-0.871,0
1494,2,3,3172,38064,0,4,1,1,2,2,0,9,0,2.0,1,1,-0.708,1
1495,1,10,2033,24396,1,1,0,2,4,3,1,13,0,3.0,0,1,-0.95,0
1496,2,5,10209,122508,2,16,1,3,2,2,0,2,2,2.25,0,0,0.787,0
1497,1,1,8620,103440,10,10,0,3,3,3,2,19,0,3.0,0,0,0.45,0
1499,3,22,2064,24768,5,6,0,3,3,4,1,1,1,2.75,0,1,-0.943,0
1501,2,6,4035,48420,3,4,1,3,4,3,0,4,1,3.0,0,1,-0.524,0
1502,2,3,3838,46056,5,8,0,2,1,3,0,4,0,2.5,0,1,-0.566,0
1503,1,1,4591,55092,5,11,1,3,3,2,1,14,1,2.75,0,1,-0.406,0
1504,2,3,2561,30732,0,8,0,1,3,2,0,2,0,2.25,0,1,-0.838,1
1506,2,4,1563,18756,1,1,0,3,1,1,1,1,0,2.25,0,1,-1.05,0
1507,1,1,4898,58776,4,5,0,1,3,3,0,7,1,2.75,0,1,-0.341,0
1509,2,7,4789,57468,3,10,0,1,3,3,1,3,1,2.0,0,1,-0.364,0
1513,2,3,3180,38160,3,4,0,2,4,3,3,2,0,3.0,0,1,-0.706,0
1514,2,9,6549,78588,8,8,0,2,3,2,2,29,1,2.25,0,0,0.01,0
1515,2,6,6388,76656,0,14,1,3,4,3,0,8,0,2.75,0,0,-0.024,0
1516,2,23,11244,134928,5,10,0,4,3,4,0,10,0,3.25,0,0,1.007,0
1520,2,8,16032,192384,14,26,0,4,2,3,1,11,1,2.5,0,0,2.025,0
1522,2,4,2362,28344,9,11,0,1,1,1,0,1,0,1.5,0,1,-0.88,1
1523,2,24,16328,195936,20,24,0,1,4,4,1,28,14,3.0,0,0,2.088,0
1525,2,5,8376,100512,2,9,0,2,2,3,0,6,2,2.75,0,0,0.398,0
1527,1,8,16606,199272,13,23,0,2,3,4,1,3,5,3.25,0,0,2.147,0
1529,2,13,8606,103272,11,11,0,2,4,1,0,16,3,2.75,0,0,0.447,0
1533,2,7,2272,27264,4,5,0,3,1,3,0,20,1,2.25,0,1,-0.899,0
1534,2,3,2018,24216,5,15,0,1,4,1,0,9,1,2.0,0,1,-0.953,1
1535,1,15,7083,84996,10,10,1,3,4,3,0,1,8,3.5,0,0,0.123,0
1537,2,4,4084,49008,7,7,0,3,4,1,0,3,7,2.25,0,1,-0.514,1
1539,2,24,14411,172932,32,32,1,4,3,3,0,22,13,3.5,0,0,1.68,0
1541,1,10,2308,27696,11,12,1,3,2,3,1,7,5,2.5,0,1,-0.891,0
1542,2,3,4841,58092,1,4,0,2,3,3,1,2,0,2.5,0,1,-0.353,0
1543,2,2,4285,51420,10,10,0,4,1,3,0,13,3,2.25,0,1,-0.471,0
1544,2,6,9715,116580,7,9,0,1,3,3,1,8,0,2.5,0,0,0.682,0
1545,2,9,4320,51840,5,5,0,2,4,3,0,25,0,3.25,0,1,-0.464,0
1546,2,4,2132,25584,5,8,0,4,4,3,1,28,0,3.75,0,1,-0.929,0
1547,2,13,10124,121488,20,24,1,4,4,1,1,2,13,3.0,0,0,0.769,0
1548,1,1,5473,65676,8,9,0,1,1,4,0,9,7,2.5,0,1,-0.219,0
1549,2,7,5207,62484,15,15,1,3,2,3,1,28,5,2.5,0,1,-0.275,0
1550,3,8,16437,197244,21,21,1,4,3,3,0,6,7,3.5,0,0,2.111,0
1551,2,3,2296,27552,1,2,0,1,3,3,3,21,0,2.25,0,1,-0.894,0
1552,2,6,4069,48828,2,8,1,4,4,3,0,8,2,3.5,0,1,-0.517,0
1553,2,13,7441,89292,10,10,0,2,1,3,3,1,7,1.75,0,0,0.199,0
1554,1,10,2430,29160,5,6,0,3,2,3,2,28,4,2.25,0,1,-0.865,0
1555,2,2,5878,70536,7,12,0,2,4,3,1,5,2,2.5,0,1,-0.133,0
1556,1,10,2644,31728,3,7,1,4,3,2,0,2,1,3.25,0,1,-0.82,0
1557,1,1,6439,77268,8,18,0,3,3,3,1,16,7,3.0,0,1,-0.014,0
1558,2,4,2451,29412,1,5,0,3,3,2,2,9,0,2.25,0,1,-0.861,0
1560,1,1,6392,76704,2,8,0,1,1,1,1,8,2,1.75,0,1,-0.024,0
1562,1,1,9714,116568,10,10,0,1,2,3,1,1,6,2.5,0,0,0.682,1
1563,3,19,6077,72924,6,10,0,3,3,3,0,10,1,3.0,0,1,-0.091,0
1564,2,3,2450,29400,3,3,0,1,4,3,0,1,1,2.5,0,1,-0.861,0
1568,1,15,9250,111000,4,9,0,2,3,3,1,29,1,2.5,0,0,0.584,0
1569,2,3,2074,24888,1,1,1,1,1,3,1,2,0,2.25,1,1,-0.941,1
1572,2,5,10169,122028,33,34,0,4,3,3,1,2,1,3.0,0,0,0.779,1
1573,2,9,4855,58260,5,7,0,2,3,3,2,2,1,2.25,0,1,-0.35,1
1574,2,2,4087,49044,6,9,0,1,4,2,1,1,1,2.25,0,1,-0.513,0
1576,2,4,2367,28404,8,10,0,1,3,2,1,15,7,2.5,0,1,-0.879,0
1577,2,4,2972,35664,1,1,0,4,1,1,0,7,0,2.25,0,1,-0.75,0
1578,1,12,19586,235032,36,36,0,4,3,3,1,26,2,3.25,0,0,2.78,0
1580,2,2,5484,65808,2,9,0,4,2,2,1,1,2,2.5,0,1,-0.217,0
1581,2,4,2061,24732,1,1,0,4,1,3,0,3,0,2.25,0,1,-0.944,0
1582,1,1,9924,119088,9,10,0,2,3,3,1,14,7,3.0,0,0,0.727,0
1583,1,1,4198,50376,3,8,0,2,2,4,0,16,1,2.5,0,1,-0.49,0
1585,1,1,6815,81780,1,15,0,3,2,3,0,1,0,2.25,0,1,0.066,0
1586,2,3,4723,56676,10,10,1,1,2,3,0,3,1,2.5,1,1,-0.378,0
1587,2,6,6142,73704,5,10,1,3,1,3,0,10,0,2.5,0,1,-0.077,0
1588,1,15,8237,98844,7,11,0,3,4,3,1,6,7,2.75,0,0,0.368,0
1590,2,6,8853,106236,6,6,0,4,1,4,1,2,1,3.25,0,0,0.499,0
1591,1,12,19331,231972,1,27,1,3,3,3,1,9,0,3.0,0,0,2.726,0
1592,2,4,2073,24876,2,4,0,3,4,3,1,10,2,3.5,0,1,-0.941,0
1594,2,7,5562,66744,3,9,1,1,1,3,1,6,0,2.25,1,1,-0.2,0
1595,2,12,19613,235356,1,24,0,4,4,3,0,9,0,3.75,0,0,2.786,0
1596,2,7,3407,40884,10,10,0,3,2,2,2,28,6,2.75,0,1,-0.658,0
1597,2,6,5063,60756,8,8,0,3,4,2,1,10,7,2.75,0,1,-0.306,0
1598,1,1,4639,55668,5,5,0,1,4,3,1,14,1,2.75,0,1,-0.396,0
1599,2,3,4876,58512,6,8,0,2,4,3,1,27,0,3.0,0,1,-0.346,0
1601,2,3,2690,32280,1,1,0,4,3,2,1,7,0,3.25,0,1,-0.81,0
1602,1,8,17567,210804,26,27,0,1,4,1,0,1,0,2.0,0,0,2.351,0
1604,2,3,2408,28896,1,1,1,2,3,3,3,24,0,2.75,1,1,-0.87,1
1605,2,4,2814,33768,4,4,1,3,2,2,0,26,1,2.25,0,1,-0.784,0
1606,2,20,11245,134940,30,32,1,3,2,3,1,20,12,2.75,0,0,1.008,0
1607,2,4,3312,39744,3,6,0,4,2,3,2,5,0,3.25,0,1,-0.678,0
1608,2,16,19049,228588,22,23,1,4,2,2,1,7,1,3.0,0,0,2.666,0
1609,2,4,2141,25692,6,6,0,2,2,2,1,7,1,2.0,0,1,-0.927,0
1611,2,7,5769,69228,10,10,1,1,3,3,0,5,1,2.0,1,1,-0.156,0
1612,1,1,4385,52620,10,10,0,1,1,3,1,26,4,1.5,0,1,-0.45,0
1613,1,1,5332,63984,5,10,0,1,4,3,0,2,0,3.0,0,1,-0.249,0
1614,2,9,4663,55956,3,7,1,3,3,3,2,12,1,2.75,0,1,-0.391,0
1615,2,9,4724,56688,9,9,0,4,3,3,1,10,7,2.75,0,1,-0.378,0
1617,2,3,3211,38532,9,10,0,1,3,2,1,25,1,2.5,0,1,-0.699,0
1618,2,9,5377,64524,7,10,0,1,2,3,3,10,7,2.5,0,1,-0.239,0
1619,2,3,4066,48792,7,7,0,1,4,3,2,19,0,2.25,0,1,-0.518,0
1621,2,2,5208,62496,16,16,0,1,2,3,0,18,1,2.5,0,1,-0.275,0
1622,2,9,4877,58524,5,6,0,1,2,2,1,27,0,1.75,0,1,-0.345,0
1623,2,4,3117,37404,2,3,0,4,3,3,0,5,2,3.25,0,1,-0.719,0
1624,1,10,1569,18828,0,0,1,4,2,4,0,3,0,3.25,0,1,-1.048,1
1625,3,12,19658,235896,5,27,0,3,4,3,1,26,1,3.25,0,0,2.795,0
1627,2,7,3069,36828,10,11,0,3,3,3,1,3,0,3.25,0,1,-0.73,0
1628,2,5,10435,125220,18,18,0,3,1,3,2,15,14,2.75,0,0,0.835,0
1630,2,6,4148,49776,14,15,0,3,3,3,1,8,2,3.25,0,1,-0.5,0
1631,2,9,5768,69216,4,9,0,3,3,2,3,19,0,2.25,0,1,-0.156,0
1633,2,9,5042,60504,9,10,0,3,1,1,0,4,3,2.25,0,1,-0.31,0
1635,2,9,5770,69240,10,10,0,4,4,3,2,2,3,3.0,0,1,-0.156,0
1638,2,5,7756,93072,5,10,1,3,4,4,1,2,0,3.75,0,0,0.266,0
1639,1,15,10306,123672,13,15,0,1,4,3,0,10,6,2.75,0,0,0.808,1
1640,2,4,3936,47232,8,8,0,2,2,1,1,10,7,1.5,0,1,-0.545,0
1641,2,5,7945,95340,4,18,1,4,3,2,0,16,3,3.25,0,0,0.306,0
1642,3,19,5743,68916,10,14,1,4,1,3,0,1,0,2.75,0,1,-0.161,0
1644,2,8,15202,182424,2,23,0,4,3,3,1,4,2,3.0,0,0,1.848,0
1645,1,1,5440,65280,2,7,1,4,1,2,2,15,2,2.75,0,1,-0.226,1
1646,2,4,3760,45120,6,6,1,4,1,3,0,2,1,2.75,0,1,-0.583,0
1647,2,4,3517,42204,3,5,0,3,2,3,0,8,0,2.25,0,1,-0.634,0
1648,2,4,2580,30960,4,6,0,4,4,2,0,2,1,3.25,0,1,-0.834,0
1649,2,3,2166,25992,4,10,1,1,1,1,0,7,0,1.25,1,1,-0.922,1
1650,1,1,5869,70428,5,8,0,3,3,3,0,10,1,3.0,0,1,-0.135,0
1651,2,13,8008,96096,3,9,0,1,2,3,2,5,0,2.25,0,0,0.32,0
1653,2,9,5206,62472,7,7,0,3,4,3,2,2,0,3.25,0,1,-0.276,0
1654,2,9,5295,63540,5,7,0,2,4,3,0,12,1,3.0,0,1,-0.257,0
1655,2,24,16413,196956,4,27,0,2,1,3,2,22,1,2.0,0,0,2.106,0
1656,2,11,13269,159228,14,19,0,1,4,3,3,17,1,2.75,0,0,1.438,0
1657,1,10,2783,33396,2,2,0,3,3,3,0,2,2,2.5,0,1,-0.79,0
1658,2,2,5433,65196,11,11,0,2,4,3,1,3,7,3.0,0,1,-0.227,0
1659,2,3,2013,24156,4,15,0,2,1,3,0,7,1,2.25,0,1,-0.954,0
1661,2,20,13966,167592,15,30,1,3,3,3,1,6,2,2.75,0,0,1.586,0
1662,2,9,4374,52488,3,4,0,3,4,3,0,1,1,3.25,0,1,-0.452,0
1664,2,6,6842,82104,5,13,0,1,4,3,1,3,0,2.25,0,0,0.072,0
1665,2,8,17426,209112,10,36,0,3,2,3,1,22,4,2.75,0,0,2.321,0
1666,2,24,17603,211236,14,14,0,3,3,3,1,15,6,2.5,0,0,2.359,0
1667,1,1,4581,54972,11,13,1,4,4,4,0,12,6,3.25,0,1,-0.408,1
1668,2,2,4735,56820,13,19,0,4,4,4,2,1,2,4.0,0,1,-0.376,0
1669,1,1,4187,50244,10,10,1,2,1,2,1,5,0,1.75,1,1,-0.492,0
1670,1,1,5505,66060,6,6,0,4,4,3,2,2,0,3.5,0,1,-0.212,0
1671,2,2,5470,65640,9,10,0,2,4,2,2,2,1,2.75,0,1,-0.219,0
1673,1,1,5476,65712,10,10,0,4,1,3,2,5,0,2.25,0,1,-0.218,0
1674,2,3,2587,31044,2,17,1,1,4,2,1,16,2,2.25,1,1,-0.832,0
1675,2,3,2440,29280,4,4,0,2,4,3,0,2,3,2.75,0,1,-0.863,0
1676,1,8,15972,191664,3,29,0,2,2,3,3,2,1,2.5,0,0,2.012,0
1677,2,8,15379,184548,8,23,0,3,3,3,0,1,0,2.5,0,0,1.886,0
1678,1,15,7082,84984,2,21,1,3,4,3,0,23,0,3.5,0,0,0.123,0
1680,1,10,2728,32736,2,2,0,1,4,3,0,9,0,2.25,0,1,-0.802,0
1681,1,1,5368,64416,6,7,1,4,3,3,1,16,1,3.25,0,1,-0.241,0
1682,2,6,5347,64164,3,10,0,3,1,2,2,26,0,2.0,0,1,-0.246,0
1683,3,22,3195,38340,2,8,1,4,3,3,3,1,2,2.75,0,1,-0.703,0
1684,2,3,3989,47868,5,5,1,3,4,3,0,8,1,2.75,0,1,-0.534,1
1687,2,3,3306,39672,0,7,0,3,4,2,1,4,0,3.25,0,1,-0.679,0
1689,2,13,7005,84060,4,11,0,4,2,3,0,24,1,3.0,0,0,0.107,0
1691,1,10,2655,31860,9,19,1,3,4,3,2,7,7,3.25,0,1,-0.818,1
1692,2,3,1393,16716,1,1,0,2,4,3,0,2,0,2.5,0,1,-1.086,1
1693,2,3,2570,30840,7,7,0,4,4,3,0,7,5,3.5,0,1,-0.836,0
1694,2,4,3537,42444,4,8,0,2,1,3,1,22,1,2.5,0,1,-0.63,0
1696,2,7,3986,47832,15,15,0,4,2,4,1,5,4,3.25,0,1,-0.535,0
1697,2,13,10883,130596,1,19,0,4,3,4,1,1,0,3.5,0,0,0.931,0
1698,2,3,2028,24336,14,14,0,2,2,3,3,21,2,2.75,0,1,-0.951,0
1700,1,1,9525,114300,6,6,0,4,3,2,2,1,1,3.0,0,0,0.642,0
1701,2,4,2929,35148,10,10,0,4,2,3,0,19,8,2.75,0,1,-0.759,0
1702,1,10,2275,27300,3,3,1,4,3,3,1,7,0,3.0,0,1,-0.898,1
1703,2,13,7879,94548,8,9,1,4,3,3,1,2,6,3.0,0,0,0.292,0
1704,2,4,4930,59160,5,6,1,4,1,4,0,2,1,3.0,0,1,-0.334,0
1706,1,1,7847,94164,10,10,1,4,4,3,1,2,8,3.0,0,0,0.286,0
1707,2,4,4401,52812,5,5,0,3,3,3,1,9,0,3.25,0,1,-0.447,0
1708,1,15,9241,110892,10,10,0,3,4,3,0,6,8,3.0,0,0,0.582,0
1709,2,3,2974,35688,5,9,0,3,4,3,1,9,1,3.25,0,1,-0.75,0
1710,1,14,4502,54024,13,17,0,4,3,2,0,2,6,3.0,0,1,-0.425,0
1712,2,13,10748,128976,23,25,0,3,3,2,1,1,14,3.0,0,0,0.902,0
1714,3,22,1555,18660,1,1,0,3,4,3,1,22,0,3.25,0,1,-1.051,1
1716,1,21,12936,155232,23,25,0,3,3,1,0,9,14,2.5,0,0,1.367,1
1718,2,3,2305,27660,3,3,0,3,4,4,3,17,0,3.5,0,1,-0.892,0
1719,2,24,16704,200448,21,21,0,2,4,3,0,28,8,3.0,0,0,2.168,0
1720,2,4,3433,41196,5,10,0,3,1,2,1,10,1,1.75,0,1,-0.652,0
1721,2,3,3477,41724,5,6,0,3,2,4,1,2,0,3.25,0,1,-0.643,0
1722,3,19,6430,77160,3,10,0,2,3,3,1,4,1,2.5,0,1,-0.015,0
1724,2,9,6516,78192,1,18,1,1,2,3,1,8,0,2.0,1,0,0.003,0
1725,2,3,3907,46884,6,6,0,1,2,4,3,29,1,2.25,0,1,-0.552,0
1727,2,6,5562,66744,10,19,0,2,3,3,0,13,0,3.0,0,1,-0.2,0
1728,2,9,6883,82596,7,17,0,3,4,3,1,27,0,3.0,0,0,0.081,0
1729,2,4,2862,34344,10,10,0,4,2,2,1,16,0,2.5,0,1,-0.774,0
1731,1,1,4978,59736,1,4,0,2,3,1,1,2,0,2.5,0,1,-0.324,0
1732,1,15,10368,124416,10,13,1,4,3,2,1,2,0,2.75,0,0,0.821,0
1733,1,1,6134,73608,2,16,1,1,2,3,3,13,2,2.0,1,1,-0.078,1
1734,1,1,6735,80820,0,10,0,2,1,3,0,1,0,2.0,0,1,0.049,1
1735,2,3,3295,39540,3,3,0,2,3,1,0,4,1,2.25,0,1,-0.682,0
1736,2,9,5238,62856,5,9,0,4,4,2,0,24,1,3.5,0,1,-0.269,0
1737,2,7,6472,77664,9,9,1,4,4,3,1,1,5,3.75,0,0,-0.007,0
1739,1,15,9610,115320,4,10,0,3,4,1,1,19,0,2.75,0,0,0.66,0
1740,1,12,19833,237996,21,21,0,2,2,2,0,7,12,2.0,0,0,2.832,0
1744,3,25,9756,117072,5,9,0,3,3,4,2,4,0,3.25,0,0,0.691,0
1745,2,4,4968,59616,9,10,0,1,4,3,0,2,0,3.0,0,1,-0.326,0
1746,3,22,2145,25740,2,3,0,4,1,3,1,10,2,3.0,0,1,-0.926,0
1747,3,22,2180,26160,4,6,0,4,3,2,1,8,1,3.0,0,1,-0.919,1
1749,1,1,8346,100152,5,6,0,3,1,3,1,5,0,2.5,0,0,0.392,0
1751,2,4,3445,41340,6,6,0,4,3,2,0,8,1,3.0,0,1,-0.65,0
1752,1,10,2760,33120,2,2,0,2,2,3,0,9,2,2.5,0,1,-0.795,1
1753,2,6,6294,75528,3,10,1,3,4,4,0,1,0,3.75,0,0,-0.044,0
1754,1,15,7140,85680,7,12,0,1,3,3,1,15,1,2.0,0,0,0.135,0
1755,2,4,2932,35184,5,6,1,4,4,3,3,2,1,3.0,0,1,-0.759,0
1756,1,1,5147,61764,11,13,0,2,4,2,0,2,1,3.0,0,1,-0.288,0
1757,1,1,4507,54084,5,8,0,4,4,4,0,11,0,3.75,0,1,-0.424,0
1758,1,15,8564,102768,0,11,1,1,1,2,0,16,0,1.75,1,0,0.438,1
1760,2,3,2468,29616,6,9,0,2,3,2,1,2,0,2.25,0,1,-0.857,0
1761,1,15,8161,97932,1,10,0,3,1,3,3,16,0,2.0,0,0,0.352,1
1762,2,4,2109,25308,1,1,0,1,4,3,1,4,0,2.75,0,1,-0.934,0
1763,2,6,5294,63528,7,10,0,3,3,3,1,16,1,3.0,0,1,-0.257,0
1764,2,4,2718,32616,7,12,0,2,2,3,0,5,0,2.25,0,1,-0.804,0
1766,2,6,5811,69732,1,15,1,4,2,3,1,18,1,3.0,0,1,-0.147,0
1767,2,4,2437,29244,1,6,1,3,3,3,1,17,0,3.25,0,1,-0.864,1
1768,2,3,2766,33192,5,7,0,2,2,2,3,12,0,2.0,0,1,-0.794,0
1770,2,16,19038,228456,1,34,0,1,3,3,3,2,0,2.25,0,0,2.663,0
1771,2,2,3055,36660,9,11,0,2,4,2,2,4,1,3.0,0,1,-0.733,0
1772,2,3,2289,27468,5,5,0,1,3,3,2,9,0,2.25,0,1,-0.895,0
1774,1,1,4001,48012,15,15,1,3,4,3,1,10,0,3.25,0,1,-0.532,0
1775,2,26,12965,155580,3,27,1,3,1,2,3,1,0,2.5,0,0,1.373,0
1778,3,22,3539,42468,9,10,0,4,2,3,0,2,1,2.75,0,1,-0.63,0
1779,1,1,6029,72348,2,6,0,4,4,3,0,3,2,3.0,0,1,-0.101,0
1780,1,10,2679,32148,1,1,0,2,2,3,0,7,1,2.25,0,1,-0.813,1
1782,2,3,3702,44424,5,5,0,3,4,3,1,6,0,3.0,0,1,-0.595,0
1783,2,3,2398,28776,1,1,1,1,3,3,0,8,0,2.5,1,1,-0.872,1
1784,1,1,5468,65616,12,13,0,4,1,3,2,29,5,2.25,0,1,-0.22,0
1786,2,23,13116,157392,2,15,0,3,1,3,0,3,2,2.75,0,0,1.405,0
1787,1,1,4189,50268,5,5,0,2,2,3,2,9,0,2.0,0,1,-0.492,0
1789,2,16,19328,231936,2,24,1,4,3,3,1,2,2,3.25,0,0,2.725,0
1790,2,13,8321,99852,12,15,1,1,4,3,1,10,5,3.0,1,0,0.386,0
1792,2,4,2342,28104,5,6,1,2,3,2,3,1,2,2.5,1,1,-0.884,1
1794,3,19,4071,48852,10,19,0,2,3,2,0,8,4,2.5,0,1,-0.517,0
1797,1,1,5813,69756,10,10,1,4,3,3,0,27,7,3.5,0,1,-0.147,1
1798,2,4,3143,37716,10,14,0,1,4,3,1,8,7,2.5,0,1,-0.714,0
1799,2,4,2044,24528,5,5,0,4,3,4,1,1,0,3.5,0,1,-0.947,0
1800,2,11,13464,161568,4,9,0,3,3,3,0,10,2,3.0,0,0,1.479,0
1801,1,1,7991,95892,2,6,0,2,2,3,0,26,2,2.5,0,0,0.316,0
1802,2,3,3377,40524,4,7,0,1,3,2,1,2,0,2.5,0,1,-0.664,0
1803,2,6,5538,66456,0,10,0,1,2,2,2,13,0,2.0,0,1,-0.205,0
1804,2,9,5762,69144,7,15,0,4,2,3,1,2,1,3.0,0,1,-0.157,0
1805,3,22,2592,31104,11,13,0,2,1,3,3,2,3,2.5,0,1,-0.831,0
1807,2,7,5346,64152,7,11,0,1,4,2,1,9,0,2.5,0,1,-0.246,1
1809,2,9,4213,50556,10,10,0,1,4,1,0,10,0,2.0,0,1,-0.487,1
1812,1,1,4127,49524,2,7,0,4,3,3,1,20,2,3.5,0,1,-0.505,0
1813,2,4,2438,29256,3,7,0,3,1,2,0,9,1,2.25,0,1,-0.864,0
1814,2,6,6870,82440,3,11,0,2,2,1,0,5,1,1.5,0,0,0.078,0
1815,1,15,10447,125364,22,23,1,3,3,4,1,4,13,3.5,0,0,0.838,0
1816,2,5,9667,116004,7,9,0,3,1,3,0,10,0,2.25,0,0,0.672,0
1818,3,22,2148,25776,5,6,1,2,4,3,0,20,1,3.0,1,1,-0.925,1
1821,2,6,8926,107112,9,13,0,2,4,4,1,21,3,3.5,0,0,0.515,1
1822,2,6,6513,78156,5,12,0,4,3,3,1,1,0,3.5,0,0,0.002,0
1823,1,1,6799,81588,10,10,0,3,2,3,2,8,4,2.75,0,1,0.063,0
1824,1,8,16291,195492,16,37,0,2,2,2,1,2,14,2.5,0,0,2.08,0
1826,2,3,2705,32460,5,6,0,3,2,4,1,23,0,2.75,0,1,-0.807,0
1827,2,5,10333,123996,22,28,1,2,3,3,1,4,14,2.75,1,0,0.814,0
1829,2,6,4448,53376,7,15,0,1,2,3,1,12,7,2.0,0,1,-0.437,0
1830,2,2,6854,82248,7,14,0,4,4,2,1,7,1,3.0,0,0,0.075,0
1833,1,15,9637,115644,3,9,0,1,1,3,2,7,2,2.25,0,0,0.666,0
1834,2,4,3591,43092,3,3,0,1,3,3,1,1,1,2.5,0,1,-0.619,0
1835,1,14,5405,64860,4,20,1,4,2,2,2,2,0,2.25,0,1,-0.233,0
1836,1,1,4684,56208,5,5,0,4,3,3,0,10,1,2.75,0,1,-0.386,0
1837,2,24,15787,189444,2,23,1,3,1,3,0,15,2,2.25,0,0,1.973,0
1839,2,4,1514,18168,0,0,0,3,2,1,0,14,0,2.25,0,1,-1.06,0
1842,3,22,2956,35472,1,2,0,1,4,3,0,18,0,2.75,0,1,-0.754,1
1844,3,22,2335,28020,2,4,1,1,1,3,3,13,2,2.25,1,1,-0.886,1
1845,1,1,5154,61848,8,10,0,3,3,4,2,2,5,3.0,0,1,-0.287,0
1847,2,2,6962,83544,1,15,1,2,4,3,1,2,0,3.25,1,0,0.098,0
1849,1,1,5675,68100,7,7,0,4,1,3,1,2,7,2.75,0,1,-0.176,0
1850,2,3,2379,28548,5,6,1,4,4,2,0,5,0,3.25,0,1,-0.876,0
1852,2,3,3812,45744,11,11,0,4,4,4,0,20,3,3.5,0,1,-0.572,0
1853,1,1,4648,55776,0,4,0,4,4,4,0,10,0,3.75,0,1,-0.394,0
1854,2,4,2936,35232,6,10,0,3,3,2,2,10,3,2.5,0,1,-0.758,0
1856,2,3,2105,25260,2,7,0,3,2,3,0,9,2,2.75,0,1,-0.934,0
1857,2,5,8578,102936,9,12,0,4,4,2,1,2,4,3.25,0,0,0.441,0
1858,3,22,2706,32472,3,3,0,4,3,3,1,1,2,3.0,0,1,-0.807,0
1859,2,6,6384,76608,7,11,0,3,4,3,2,29,1,3.5,0,0,-0.025,0
1860,2,3,3968,47616,0,8,0,3,4,3,0,8,0,3.5,0,1,-0.539,0
1862,1,1,9907,118884,2,7,1,2,3,2,0,2,2,2.5,1,0,0.723,1
1863,1,21,13225,158700,19,25,0,1,1,3,1,3,2,2.25,0,0,1.428,0
1864,1,14,3540,42480,9,9,0,3,2,3,1,23,5,3.0,0,1,-0.63,0
1865,3,22,2804,33648,1,1,0,2,4,3,0,6,0,3.25,0,1,-0.786,0
1866,2,12,19392,232704,16,21,0,3,1,3,0,6,6,2.75,0,0,2.739,0
1867,2,16,19665,235980,22,29,0,2,4,3,0,10,12,3.25,0,0,2.797,0
1868,2,4,2439,29268,1,1,1,4,4,2,0,24,1,3.0,0,1,-0.863,1
1869,1,15,7314,87768,8,14,0,2,3,3,3,10,0,2.75,0,0,0.172,1
1870,2,4,4774,57288,7,8,0,1,4,2,1,15,7,2.75,0,1,-0.367,0
1871,2,2,3902,46824,2,7,0,4,4,3,3,19,2,3.25,0,1,-0.553,0
1873,2,4,2662,31944,5,19,0,4,2,4,1,2,0,3.0,0,1,-0.816,0
1875,1,10,2856,34272,1,1,0,2,2,3,1,3,0,2.75,0,1,-0.775,0
1876,1,10,1081,12972,1,1,0,4,2,2,0,9,0,2.75,0,1,-1.152,1
1878,2,4,2472,29664,1,1,1,2,4,3,0,7,0,2.5,1,1,-0.856,1
1880,1,1,5673,68076,10,10,1,3,2,3,1,10,1,2.25,0,1,-0.176,0
1881,2,7,4197,50364,10,10,0,3,2,3,1,20,0,2.25,0,1,-0.49,0
1882,1,15,9713,116556,5,9,1,4,3,3,3,4,1,3.5,0,0,0.682,0
1883,2,3,2062,24744,3,11,0,1,4,3,0,7,1,2.5,0,1,-0.944,0
1885,2,2,4284,51408,5,16,1,1,4,3,1,7,0,2.75,1,1,-0.471,0
1886,2,9,4788,57456,3,4,1,2,4,3,0,16,0,3.25,1,1,-0.364,0
1888,2,9,5906,70872,9,10,0,4,2,2,2,25,3,3.0,0,1,-0.127,0
1890,3,19,3886,46632,10,10,0,4,2,2,0,2,0,3.0,0,1,-0.556,0
1892,2,8,16823,201876,19,22,0,1,1,3,1,1,11,1.5,0,0,2.193,0
1893,2,4,2933,35196,1,1,1,3,2,2,1,1,1,2.5,0,1,-0.759,0
1898,1,1,6500,78000,8,9,0,3,1,2,0,2,0,2.0,0,1,-0.001,0
1900,2,8,17174,206088,22,24,0,4,4,3,1,22,4,3.25,0,0,2.267,0
1903,2,6,5033,60396,2,10,0,1,2,3,1,1,2,2.5,0,1,-0.312,0
1905,2,4,2307,27684,5,5,1,1,4,3,1,16,3,2.5,1,1,-0.892,1
1907,2,3,2587,31044,4,5,0,4,1,3,0,24,1,3.0,0,1,-0.832,1
1908,1,1,5507,66084,4,12,0,2,3,1,2,17,1,2.25,0,1,-0.212,0
1909,1,1,4393,52716,5,14,0,2,3,3,1,8,1,2.75,0,1,-0.448,0
1911,2,11,13348,160176,13,18,0,1,3,4,1,6,5,2.5,0,0,1.454,0
1912,1,1,6583,78996,5,8,1,4,3,3,1,10,1,3.5,0,1,0.017,0
1915,1,1,8103,97236,4,9,1,4,4,2,0,3,0,3.25,0,0,0.34,0
1916,2,3,3978,47736,2,4,0,3,1,2,1,4,2,2.0,0,1,-0.536,0
1918,2,3,2544,30528,7,8,0,4,3,3,1,6,7,2.75,0,1,-0.841,0
1922,2,6,5399,64788,4,12,0,3,2,3,0,1,0,2.75,0,1,-0.235,0
1924,1,1,5487,65844,10,10,0,3,2,2,0,10,0,2.25,0,1,-0.216,0
1927,1,1,6834,82008,7,7,1,4,3,3,1,1,0,3.25,0,1,0.07,0
1928,1,10,1091,13092,1,1,0,1,3,3,0,24,0,2.75,0,1,-1.15,1
1929,1,1,5736,68832,3,10,0,3,1,3,1,21,1,2.5,0,1,-0.163,0
1931,2,4,2226,26712,5,6,0,2,2,2,1,2,1,2.25,0,1,-0.909,0
1932,2,2,5747,68964,15,16,1,4,3,3,0,22,6,3.0,0,1,-0.161,0
1933,1,1,9854,118248,2,6,1,3,4,3,0,13,2,3.5,0,0,0.712,1
1934,2,2,5467,65604,8,16,0,2,3,4,1,14,1,3.0,0,1,-0.22,0
1935,1,1,5380,64560,0,6,0,1,4,3,1,11,0,2.75,0,1,-0.239,0
1936,2,9,5151,61812,10,10,0,1,1,3,1,9,7,2.25,0,1,-0.287,0
1937,2,2,2133,25596,20,20,1,2,4,3,1,8,0,3.0,1,1,-0.929,0
1938,1,8,17875,214500,1,29,1,4,4,2,1,21,0,3.25,0,0,2.416,0
1939,2,4,2432,29184,4,8,1,3,1,3,0,5,0,2.0,0,1,-0.865,1
1940,2,4,4771,57252,5,10,0,4,2,4,2,9,0,3.5,0,1,-0.368,0
1941,2,16,19161,229932,5,28,0,4,2,3,0,2,4,3.25,0,0,2.69,0
1943,1,1,5087,61044,0,14,1,4,2,3,2,12,0,3.0,0,1,-0.301,0
1944,3,22,2863,34356,1,1,0,2,1,3,0,22,0,1.75,0,1,-0.773,1
1945,1,1,5561,66732,5,6,0,1,2,1,1,18,0,2.0,0,1,-0.2,0
1947,2,4,2144,25728,5,5,0,3,3,2,0,16,1,2.75,0,1,-0.926,0
1948,2,4,3065,36780,4,4,1,1,3,4,1,3,2,3.0,1,1,-0.73,0
1949,2,3,2810,33720,5,5,0,2,1,3,0,9,0,2.0,0,1,-0.785,0
1950,1,15,9888,118656,14,14,0,4,1,2,0,1,2,2.0,0,0,0.719,0
1951,1,15,8628,103536,8,9,0,3,4,2,1,13,1,3.0,0,0,0.452,0
1952,2,3,2867,34404,7,8,0,1,3,2,0,1,7,2.5,0,1,-0.773,0
1954,2,6,5373,64476,5,6,0,1,1,2,1,1,0,1.25,0,1,-0.24,0
1955,2,6,6667,80004,5,9,0,4,3,3,1,15,1,3.0,0,0,0.035,0
1956,2,2,5003,60036,10,10,0,1,4,3,0,1,8,2.5,0,1,-0.319,0
1960,2,3,2367,28404,4,6,0,4,3,2,1,17,0,2.5,0,1,-0.879,1
1961,1,10,2858,34296,1,20,0,1,1,2,0,1,0,1.25,0,1,-0.774,0
1962,1,1,5204,62448,10,10,1,4,3,3,0,7,0,3.5,0,1,-0.276,0
1965,1,1,4105,49260,7,7,0,4,4,3,0,9,0,3.0,0,1,-0.51,0
1966,2,9,9679,116148,1,8,0,4,4,3,0,5,0,3.25,0,0,0.675,0
1967,1,1,5617,67404,10,10,1,4,1,3,0,26,0,2.75,0,1,-0.188,1
1968,1,15,10448,125376,2,15,1,1,1,2,0,24,2,1.5,1,0,0.838,1
1969,2,2,2897,34764,4,9,0,3,1,2,2,9,2,2.25,0,1,-0.766,0
1970,2,6,5968,71616,9,9,0,3,4,3,3,7,2,3.25,0,1,-0.114,0
1971,2,13,7510,90120,10,10,0,3,1,3,1,11,0,2.25,0,0,0.214,0
1972,3,22,2991,35892,6,7,1,2,4,3,1,1,1,2.75,1,1,-0.746,0
1973,3,12,19636,235632,10,35,1,2,3,3,1,26,1,2.25,1,0,2.79,0
1974,2,3,1129,13548,1,1,1,4,4,3,3,2,0,3.5,0,1,-1.142,0
1975,1,21,13341,160092,20,21,0,1,2,3,0,15,11,1.75,0,0,1.453,0
1976,2,2,4332,51984,20,20,0,3,4,3,0,23,3,3.5,0,1,-0.461,0
1979,2,11,11031,132372,11,13,0,3,3,4,1,10,4,3.25,0,0,0.962,0
1980,2,9,4440,53280,5,9,1,1,3,3,0,10,1,2.75,1,1,-0.438,0
1981,2,6,4617,55404,4,4,0,3,2,2,0,1,1,2.25,0,1,-0.401,0
1982,2,3,2647,31764,5,5,0,4,4,4,0,12,1,3.75,0,1,-0.819,0
1985,2,7,6323,75876,10,10,0,3,4,4,1,11,9,3.0,0,0,-0.038,0
1986,1,1,5677,68124,11,15,0,2,2,3,1,2,5,2.5,0,1,-0.175,0
1987,3,22,2187,26244,2,6,0,2,3,3,0,2,1,2.75,0,1,-0.917,0
1989,2,3,3748,44976,12,12,0,2,4,2,0,1,1,2.75,0,1,-0.585,0
1992,2,3,3977,47724,2,7,1,3,4,2,1,2,0,3.0,0,1,-0.537,0
1993,2,13,8633,103596,17,25,0,3,1,3,0,25,12,2.25,0,0,0.453,0
1994,2,3,2008,24096,1,1,0,3,2,2,3,1,0,2.5,0,1,-0.955,0
1995,1,1,4440,53280,15,16,0,2,4,3,2,1,5,2.5,0,1,-0.438,0
1996,1,10,3067,36804,2,3,0,3,1,3,1,2,1,2.5,0,1,-0.73,0
1997,2,9,5321,63852,8,10,0,3,1,3,1,6,7,2.75,0,1,-0.251,0
1998,2,2,5410,64920,4,9,1,1,4,2,1,18,1,2.5,1,1,-0.232,0
1999,2,4,2782,33384,5,12,0,4,4,3,1,1,1,3.0,0,1,-0.791,0
2000,2,11,11957,143484,13,14,0,2,3,1,2,1,5,1.75,0,0,1.159,0
2003,2,3,2660,31920,2,5,1,3,4,3,1,11,2,3.25,0,1,-0.817,0
2007,2,4,3375,40500,3,4,0,3,4,4,0,1,1,3.75,0,1,-0.665,0
2008,2,2,5098,61176,10,10,0,3,2,3,0,9,0,2.5,0,1,-0.299,0
2009,2,6,4878,58536,9,10,1,4,2,3,1,15,8,2.5,0,1,-0.345,0
2010,2,3,2837,34044,6,6,0,2,3,3,0,29,4,2.75,0,1,-0.779,0
2012,2,3,2406,28872,1,8,0,4,1,2,2,1,0,2.5,0,1,-0.871,0
2013,1,10,2269,27228,2,3,0,2,2,3,1,1,2,2.25,0,1,-0.9,0
2014,2,2,4108,49296,7,18,0,4,1,3,0,24,1,2.25,0,1,-0.509,0
2015,2,11,13206,158472,18,20,0,3,2,3,1,10,1,2.25,0,0,1.424,0
2016,1,15,10422,125064,14,14,0,4,3,3,2,1,5,3.25,0,0,0.833,0
2017,2,11,13744,164928,16,16,1,4,3,3,1,10,6,2.75,0,0,1.539,0
2018,1,1,4907,58884,5,6,1,3,1,2,1,8,0,2.0,0,1,-0.339,0
2019,1,10,3482,41784,9,16,0,4,1,2,2,29,0,2.25,0,1,-0.642,0
2020,2,4,2436,29232,4,6,1,4,2,3,0,1,1,3.0,0,1,-0.864,0
2021,1,10,2380,28560,2,2,1,1,3,3,0,5,1,2.75,1,1,-0.876,0
2022,2,12,19431,233172,6,21,0,4,4,2,0,9,1,3.25,0,0,2.747,0
2023,1,10,1790,21480,1,1,0,1,4,2,1,9,1,2.0,0,1,-1.001,1
2024,1,15,7644,91728,9,10,0,4,1,3,2,3,3,2.75,0,0,0.242,0
2025,2,9,5131,61572,4,18,0,2,4,3,3,4,0,2.75,0,1,-0.292,0
2026,2,6,6306,75672,13,13,0,3,3,2,1,1,1,2.25,0,0,-0.042,0
2027,2,4,4787,57444,2,4,1,4,1,4,3,1,2,2.75,0,1,-0.365,1
2031,2,12,18880,226560,22,24,0,3,1,2,0,2,4,1.75,0,0,2.63,0
2032,2,3,2339,28068,10,14,0,3,4,1,1,7,9,3.0,0,1,-0.885,1
2034,2,26,13570,162840,20,21,0,2,1,3,1,28,0,2.25,0,0,1.502,0
2035,1,1,6712,80544,8,8,0,3,4,3,2,28,1,3.5,0,1,0.044,0
2036,1,1,5406,64872,15,15,0,4,4,2,1,15,11,2.75,0,1,-0.233,0
2037,1,1,8938,107256,5,14,0,2,3,3,1,3,0,2.75,0,0,0.517,0
2038,2,4,2439,29268,4,4,0,1,4,3,0,2,1,3.0,0,1,-0.863,0
2040,3,25,8837,106044,9,9,1,4,3,3,0,26,1,3.25,0,0,0.496,0
2041,1,1,5343,64116,10,10,0,4,1,3,1,10,1,2.75,0,1,-0.246,0
2044,1,1,6728,80736,6,12,0,3,2,3,2,1,0,3.0,0,1,0.048,1
2045,1,1,6652,79824,6,8,0,4,2,2,1,11,0,2.25,0,1,0.032,0
2046,1,1,4850,58200,5,8,0,3,4,3,0,20,0,3.25,0,1,-0.351,0
2048,2,4,2809,33708,2,8,0,3,3,3,0,2,2,3.25,0,1,-0.785,0
2049,2,6,5689,68268,10,10,1,3,3,4,2,18,0,3.5,0,1,-0.173,0
2051,2,4,2001,24012,5,20,0,3,3,3,3,2,0,2.75,0,1,-0.957,0
2052,2,4,2977,35724,4,4,0,4,3,3,1,1,1,3.5,0,1,-0.749,0
2053,2,7,4025,48300,4,10,1,2,4,3,1,13,0,2.5,1,1,-0.527,0
2054,2,4,3785,45420,5,5,0,1,4,1,0,28,0,2.0,0,1,-0.578,0
2055,1,15,10854,130248,3,20,1,1,4,3,1,28,2,2.5,1,0,0.925,1
2056,1,21,12031,144372,20,21,0,4,2,2,1,24,9,2.25,0,0,1.175,0
2057,2,9,9936,119232,9,10,0,1,2,3,0,5,1,2.0,0,0,0.729,0
2060,1,10,2966,35592,4,5,0,3,4,3,0,5,0,3.5,0,1,-0.752,0
2061,2,7,2571,30852,5,17,0,4,3,3,1,23,0,3.25,0,1,-0.835,0
2062,2,13,9991,119892,7,9,0,1,4,3,1,6,1,2.25,0,0,0.741,0
2064,2,9,6142,73704,6,6,1,2,2,3,1,4,0,2.25,1,1,-0.077,0
2065,1,1,5390,64680,9,17,0,2,4,2,0,2,0,3.0,0,1,-0.236,0
2068,2,7,4404,52848,4,6,0,3,2,4,0,8,1,2.5,0,1,-0.446,0
